trade_id,symbol,timeframe,setup_type,state,bias,status,result,market_regime,volatility_regime,confidence_pct,quality_score,risk_level,signal_timestamp,created_at,entry_touched_at,fill_count,last_scale_in_at,closed_at,close_reason,updated_at,entry_price,invalidation_price,target_price_1,target_price_2,risk_per_unit,reward_tp1_per_unit,reward_tp2_per_unit,planned_rr_tp1,planned_rr_tp2,base_capital_per_trade,capital_per_trade,estimated_quantity,risk_amount_usd,tp1_reward_usd,tp2_reward_usd,risk_pct_of_capital,pnl_pct,realized_pnl_usd,realized_r_multiple,allocated_r_multiple,max_profit_pct,max_profit_usd,max_drawdown_pct,max_drawdown_usd,feat_action,feat_action_opportunity_score,feat_atr_15m,feat_atr_1h,feat_atr_24h,feat_atr_4h,feat_clarity_confidence,feat_compression_score,feat_compression_score_15m,feat_compression_score_1h,feat_compression_score_24h,feat_compression_score_4h,feat_confidence_score,feat_conflict_score,feat_continuation_bucket_avg_mae_r,feat_continuation_bucket_avg_mfe_r,feat_continuation_bucket_avg_realized_r,feat_continuation_bucket_expectancy_multiplier,feat_continuation_bucket_sample_count,feat_continuation_bucket_size_multiplier,feat_continuation_bucket_winrate,feat_continuation_cluster_avg_realized_r,feat_continuation_cluster_context,feat_continuation_cluster_penalty_active,feat_continuation_cluster_sample_count,feat_continuation_cluster_size_multiplier,feat_continuation_cluster_volatility,feat_continuation_cluster_winrate,feat_continuation_confidence_bucket,feat_continuation_confidence_score,feat_continuation_elite_boost_active,feat_continuation_feedback_entry_efficiency,feat_continuation_feedback_loss_streak,feat_continuation_feedback_mae_r,feat_continuation_feedback_mfe_r,feat_continuation_feedback_size_multiplier,feat_continuation_history_count,feat_continuation_history_ready,feat_continuation_kill_zone_active,feat_continuation_live_confidence_multiplier,feat_continuation_live_confidence_score,feat_continuation_quality_ready,feat_continuation_quality_score,feat_continuation_quality_size_multiplier,feat_continuation_segment_avg_realized_r,feat_continuation_segment_regime,feat_continuation_segment_sample_count,feat_continuation_segment_size_multiplier,feat_continuation_segment_winrate,feat_control,feat_data_status_15m,feat_data_status_1h,feat_data_status_24h,feat_data_status_4h,feat_data_valid,feat_decision_bias,feat_decision_setup_gate,feat_decision_setup_type,feat_decision_signal,feat_decision_status,feat_decision_volatility_regime,feat_entry_efficiency,feat_entry_type,feat_flow_alignment,feat_funding_extreme_15m,feat_funding_extreme_1h,feat_funding_extreme_24h,feat_funding_extreme_4h,feat_funding_level_15m,feat_funding_level_1h,feat_funding_level_24h,feat_funding_level_4h,feat_funding_trend_15m,feat_funding_trend_1h,feat_funding_trend_24h,feat_funding_trend_4h,feat_high_wick_candle_15m,feat_high_wick_candle_1h,feat_high_wick_candle_24h,feat_high_wick_candle_4h,feat_history_length_15m,feat_history_length_1h,feat_history_length_24h,feat_history_length_4h,feat_liq_delta_15m,feat_liq_delta_1h,feat_liq_delta_24h,feat_liq_delta_4h,feat_liq_pressure_15m,feat_liq_pressure_1h,feat_liq_pressure_24h,feat_liq_pressure_4h,feat_liq_z_score_15m,feat_liq_z_score_1h,feat_liq_z_score_4h,feat_long_short_ratio_delta_15m,feat_long_short_ratio_delta_1h,feat_long_short_ratio_delta_24h,feat_long_short_ratio_delta_4h,feat_long_short_ratio_level_15m,feat_long_short_ratio_level_1h,feat_long_short_ratio_level_24h,feat_long_short_ratio_level_4h,feat_mae_pct,feat_mae_r,feat_market_pressure_15m,feat_market_pressure_1h,feat_market_pressure_24h,feat_market_pressure_4h,feat_mfe_pct,feat_mfe_r,feat_oi_change_15m,feat_oi_change_1h,feat_oi_change_24h,feat_oi_change_4h,feat_oi_delta_15m,feat_oi_delta_1h,feat_oi_delta_24h,feat_oi_delta_4h,feat_oi_delta_z_15m,feat_oi_delta_z_1h,feat_oi_delta_z_4h,feat_oi_percentile_15m,feat_oi_percentile_1h,feat_oi_percentile_24h,feat_oi_percentile_4h,feat_phase,feat_phase_confidence,feat_phase_score,feat_planned_tp1_r,feat_planned_tp2_r,feat_position_size_multiplier,feat_price_change_15m,feat_price_change_1h,feat_price_change_24h,feat_price_change_4h,feat_range_mid_15m,feat_range_mid_1h,feat_range_mid_24h,feat_range_mid_4h,feat_realized_r,feat_recent_high_15m,feat_recent_high_1h,feat_recent_high_24h,feat_recent_high_4h,feat_recent_low_15m,feat_recent_low_1h,feat_recent_low_24h,feat_recent_low_4h,feat_scenario_disposition,feat_scenario_label,feat_scenario_rationale,feat_scenario_reasons,feat_scenario_score,feat_state,feat_strategy_version,feat_structure_label,feat_structure_shift,feat_structure_strength,feat_taker_buy_sell_ratio_delta_15m,feat_taker_buy_sell_ratio_delta_1h,feat_taker_buy_sell_ratio_delta_24h,feat_taker_buy_sell_ratio_delta_4h,feat_taker_buy_sell_ratio_level_15m,feat_taker_buy_sell_ratio_level_1h,feat_taker_buy_sell_ratio_level_24h,feat_taker_buy_sell_ratio_level_4h,feat_tp1_pnl_pct,feat_trap_risk,feat_trend,feat_trend_alignment,feat_volume_change_15m,feat_volume_change_1h,feat_volume_change_24h,feat_volume_change_4h,feat_volume_z_15m,feat_volume_z_1h,feat_volume_z_4h,feat_wick_ratio_15m,feat_wick_ratio_1h,feat_wick_ratio_24h,feat_wick_ratio_4h
4,BZUSDT,4h,Continuation,Long Build-up,Bullish,Triggered,open,Balanced,Low,85.27,A,Low,2026-04-30T03:55:13.790198+00:00,2026-04-30T03:55:13.790198+00:00,2026-04-30T03:55:13.790198+00:00,1,,,,2026-05-03T07:11:27.376729+00:00,112.87,109.935769,116.156338,118.738462,2.934231,3.286338,5.868462,1.12,2.0,100.0,118.7,1.05165234,3.09,3.46,6.17,2.5997,-0.9303,-1.1,-0.3578,-0.4248,0.0,0.0,-0.9303,-1.1,ENTER,0.8527,0.0062524522522750545,0.01008112999784836,0.03996646171045282,0.017331034341754634,0.8527,0.486143945363803,0.07889227824630285,0.0,0.486143945363803,0.0,0.8687,0.1,0.0,0.0,0.0,1.0,0,1.0,0.0,0.0,mixed_context|Trend continuation,False,0,1.0,Low,0.0,medium,0.7134,False,0.0,0,0.0,0.0,1.0,0,False,False,1.3189,0.8687,False,0.0,1.0,0.0,Balanced,0,1.0,0.0,Buyer Dominant,VALID,VALID,INSUFFICIENT_HISTORY,VALID,False,Bullish,Continuation,Continuation,Breakout Watch,Triggered,Low,0.0,Continuation Pullback,0.9106,False,False,False,False,0.00012838,0.00012838,-0.00021268,0.00012838,4.567462940873029e-05,0.0001601276303331652,0.0,0.00030338704025865287,False,False,False,False,200,54,2,14,0.0,0.0,0.0,0.0,0.0,0.0,0.0,0.0,0.0,0.0,0.0,-0.4676450781034107,-0.9383889593083775,-0.09994218473781347,-0.6338307206179654,-1.523137303611673,-1.523137303611673,-1.2791203304505332,-1.523137303611673,0.930274,0.3578,-0.19221607284466918,-0.11003886223027276,0.7763828100052158,0.2594303299967872,0.0,0.0,0.007805066325431235,0.006237470945438917,0.09555949463403639,0.021862821542218965,3888.7099999999627,3112.5299999999697,41765.97999999998,10742.839999999967,1.0163324253104407,1.001493127562976,0.9402371817043824,1.0,0.9811320754716981,1.0,1.0,Neutral,0.786,48.59,1.12,2.0,1.187,0.0004431838326538856,0.00884876653557391,0.03460240963855425,0.011561211686682258,109.175,108.245,104.65,106.85499999999999,-0.3578,113.0,113.0,107.78,113.66,105.35,103.49,101.52,100.05,observe,mixed_context,"Context is not broken, but it also does not strongly identify an early or late phase yet.",mixed_signals,0.5431,Trend continuation,v2_balanced,HH/HL,None,0.85,0.04917572561145864,-0.028693824639083237,-0.4764888637274396,0.08785169759111756,-0.07235566219214039,-0.07235566219214039,-0.27338476775095644,-0.07235566219214039,,0.2146,Bullish,0.72,-0.95,23.89146107265845,-0.95,8.897256278698698,-0.5385813736331476,143.7906419272793,21.390612766454872,0.0009750044318384475,0.011887736860922402,0.041349397590361506,0.025542211865925743
12,TACUSDT,15m,Continuation,Long Build-up,Bullish,Triggered,win,Balanced,High,82.75,B,Medium,2026-04-29T08:29:27.058746+00:00,2026-04-29T08:29:27.058746+00:00,2026-04-29T08:29:27.058746+00:00,1,,2026-04-30T01:59:59.999000+00:00,Target 2,2026-05-03T07:13:03.036835+00:00,0.014145,0.013837,0.01445,0.01476,0.000308,0.000305,0.000615,0.99,2.0,100.0,42.46,3001.76740898,0.92,0.91,1.85,2.1754,3.2523,1.38,1.495,0.6348,11.7002,4.97,-0.6575,-0.28,ENTER,0.8275,0.014502853103065172,0.037044334975369436,0.0,0.07243557168784029,0.8275,0.0,0.0,0.0,0.0,0.0,0.782,0.0,0.0,0.0,0.0,1.0,0,1.0,0.0,0.0,weak_propulsion|Trend continuation,False,0,1.0,High,0.0,medium,0.7476,False,0.0,0,0.0,0.0,1.0,0,False,False,1.1339,0.782,False,0.0,1.0,0.0,Balanced,0,1.0,0.0,Buyer Dominant,VALID,VALID,INSUFFICIENT_HISTORY,VALID,False,Bullish,Continuation,Continuation,Breakout Watch,Triggered,High,0.9468,Continuation Pullback,0.6384,False,False,False,False,0.00013173,0.00013173,0.00013173,0.00013173,0.0,0.0,,-1.0742074509513115e-05,False,True,False,False,87,23,1,11,0.0,0.0,0.0,0.0,0.0,0.0,0.0,0.0,0.0,0.0,0.0,0.01965087236329177,-0.0049170526490185384,,-0.09543990116307471,-0.3363350953311843,-0.3536400402435785,-0.4414311825008948,-0.3536400402435785,0.657476,0.3022,0.20322371646706908,0.03688061532350137,0.9459811223337418,-0.3151176281079275,11.700247,5.3784,0.006715623851692796,-0.0007032046907842139,0.366928426413648,0.026847951330406322,4069015.0,-427364.0,146417751.0,15878727.0,0.768927294409886,-0.6345249630928113,-0.1342497060432438,0.9651162790697675,0.9090909090909091,0.0,1.0,Neutral,0.639,33.86,0.99,2.0,0.4246,0.01014068413911303,0.004448009333527803,0.22743170431987902,-0.046184738955823236,0.0141215,0.013277,0.0118175,0.0120305,1.495,0.014567,0.014567,0.013407,0.014567,0.013676,0.011987,0.010228,0.009494,wait,weak_propulsion,"The structure looks like a build, but the propulsion behind it is not convincing enough yet.","weak_local_pressure, weak_1h_pressure, soft_flow_alignment",0.65,Trend continuation,v2_balanced,HH/HL,None,0.85,0.012548753047772976,0.14639576488163536,,-0.14458447237559835,0.1297116065216573,0.22761354598566147,1.009307374440675,0.22761354598566147,2.153674,0.1721,Bullish,0.72,0.730483273911316,-0.6609640603103164,0.0,0.9478022345648962,-0.23523023028321552,-0.1993712367292834,2.0164714765556013,0.014282653717060667,0.027417237859122034,0.3005009925323756,0.06169505608641458
2,APTUSDT,4h,Continuation,Long Build-up,Bullish,Triggered,loss,Balanced,High,88.99,A,Low,2026-04-29T07:58:12.459559+00:00,2026-04-29T07:58:12.459559+00:00,2026-04-29T07:58:12.459559+00:00,1,,2026-04-29T23:59:59.999000+00:00,Invalidation,2026-05-03T07:11:09.607198+00:00,1.0004,0.97415,1.026388,1.0529,0.02625,0.025988,0.0525,0.99,2.0,100.0,128.25,128.19872051,3.37,3.33,6.73,2.624,-2.624,-3.37,-1.0,-1.2825,0.0,0.0,-1.0796,-1.38,ENTER,0.8899,0.0037770606043297165,0.006890101102416179,0.0,0.017493002798880455,0.8899,0.40601328127606906,0.40601328127606906,0.0,0.0,0.10427993865885965,0.9635,0.1,0.0,0.0,0.0,1.0,0,1.0,0.0,0.0,mixed_context|Trend continuation,False,0,1.0,High,0.0,high,0.7767,False,0.0,0,0.0,0.0,1.0,0,False,False,1.35,0.9635,False,0.0,1.0,0.0,Balanced,0,1.0,0.0,Buyer Dominant,VALID,VALID,INSUFFICIENT_HISTORY,VALID,False,Bullish,Continuation,Continuation,Breakout Watch,Triggered,High,0.0,Continuation Pullback,0.9517,False,False,False,False,-2.63e-06,-2.63e-06,-2.63e-06,-2.63e-06,0.0,-1.0719769245587663e-09,,-6.551188278661225e-06,False,False,False,False,189,47,1,11,0.0,0.0,0.0,0.0,0.0,0.0,0.0,0.0,0.0,0.0,0.0,0.0056236096720347906,0.0007934351197244616,,0.04213590498098452,0.46668989371611824,0.46668989371611824,0.48149146243375707,0.46668989371611824,1.079568,0.4114,-0.003415106066585002,-0.08431936836663927,-0.5347558738904972,0.3860701988733145,0.0,0.0,-0.0019706620729376357,-0.004822190248873686,-0.06579118175402433,0.01934450643943388,-46937.29999999702,-115184.19999999925,-1647753.1999999993,451113.6000000015,-1.360030831062931,-1.2182490897318328,4.198048572583738,0.95,0.6521739130434783,0.0,0.6,Neutral,0.664,36.41,0.99,2.0,1.2825,9.99700089972898e-05,-0.0027910685805423996,-0.00041407867494819457,0.009994952044421917,0.989,0.9821,0.9746,0.9748,-1.0,1.0078,1.0078,0.9947,1.0078,0.9702,0.9564,0.9545,0.9418,observe,mixed_context,"Context is not broken, but it also does not strongly identify an early or late phase yet.",mixed_signals,0.6383,Trend continuation,v2_balanced,HH/HL,Bullish BOS,1.0,0.3158723818614699,0.40045766124392773,,0.3524812357583489,0.46404843220706177,0.46404843220706177,1.3268097142849984,0.46404843220706177,,0.2103,Bullish,0.72,-0.763620578645515,3.0782838272078368,0.0,4.704591865412199,0.46079546428936863,27.449650507568933,6.541596240702849,0.0012996101169649894,0.007476076555023985,0.041614906832298154,0.01746592629984854
8,OPENUSDT,15m,Continuation,Long Build-up,Bullish,Triggered,win,Balanced,High,83.83,B,Medium,2026-04-28T23:26:20.649056+00:00,2026-04-28T23:26:20.649056+00:00,2026-04-28T23:26:20.649056+00:00,1,,2026-04-28T23:41:39.904205+00:00,Partial TP1,2026-05-03T07:12:31.188664+00:00,0.2616,0.258986,0.264188,0.266829,0.002614,0.002588,0.005229,0.99,2.0,100.0,119.83,458.06574924,1.2,1.19,2.4,0.9993,0.4947,0.59,0.495,0.5932,1.0703,1.28,0.0,0.0,ENTER,0.8383,0.006662297946701579,0.02359208523592085,0.0,0.05497868619521259,0.8383,0.0,0.0,0.0,0.0,0.0,0.8399,0.1,0.0,0.0,0.0,1.0,0,1.0,0.0,0.0,mixed_context|Trend continuation,False,0,1.0,High,0.0,low,0.6512,False,0.0,0,0.0,0.0,1.0,0,False,False,1.2949,0.8399,False,0.0,1.0,0.0,Balanced,0,1.0,0.0,Buyer Dominant,VALID,VALID,NO_DATA,VALID,False,Bullish,Continuation,Continuation,Breakout Watch,Triggered,High,1.0,Continuation Pullback,0.8241,False,False,False,False,1.361e-05,1.361e-05,0.0,1.361e-05,-1.2698680146221793e-10,-1.3870878035401874e-06,,-1.4263772290809329e-05,False,False,False,False,155,38,0,8,0.0,0.0,0.0,0.0,0.0,0.0,0.0,0.0,0.0,0.0,0.0,-0.011008492629422661,-0.016371608053684927,,-0.00925185292995559,0.261072834604582,0.25212716802035834,0.0,0.24278559193338564,0.0,0.0,0.04691825195278796,0.25488147411152645,0.0,0.602302451406039,1.070336,1.071,0.0022494586683592054,0.008112896208640566,0.0,0.009965718045956017,70613.0,252395.0,0.0,309190.0,2.104890292288251,0.974632563523548,0.5669686153849051,0.87,0.8648648648648649,0.0,0.8571428571428571,Neutral,0.514,21.44,0.99,2.0,1.1983,0.0046082949308754945,0.020979020979020824,0.0,0.07439375256884519,0.26034999999999997,0.2607,0.0,0.2612,0.495,0.2643,0.2801,0.0,0.2811,0.2564,0.2413,0.0,0.2413,observe,mixed_context,"Context is not broken, but it also does not strongly identify an early or late phase yet.",mixed_signals,0.4225,Trend continuation,v2_balanced,HH/HL,None,0.85,0.7264362395022647,0.09619780340270023,,0.8635539460619122,0.26903427807929786,-0.4942963218147801,0.0,0.574194711382652,0.989351,0.2059,Bullish,0.72,0.025718225158930075,0.7795610295619019,0.0,-0.7849349317029622,1.2570784513293396,-0.4991361126421527,0.37820856183684737,0.008064516129032221,0.020979020979020824,0.0,0.10275380189066993
6,KATUSDT,15m,Continuation,Long Build-up,Bullish,Triggered,loss,Balanced,High,80.94,B,Medium,2026-04-28T19:11:40.551423+00:00,2026-04-28T19:11:40.551423+00:00,2026-04-28T19:11:40.551423+00:00,1,,2026-04-28T20:12:52.467473+00:00,Invalidation,2026-05-03T07:12:04.559055+00:00,0.01164,0.011521,0.011758,0.011878,0.000119,0.000118,0.000238,0.99,2.0,100.0,55.46,4764.604811,0.57,0.56,1.13,1.0217,-1.0217,-0.57,-1.0,-0.5546,0.2577,0.14,-1.0309,-0.57,ENTER,0.8094,0.006811487481590542,0.01889122113841214,0.0,0.045685279187817306,0.8094,0.0,0.0,0.0,0.0,0.0,0.8165,0.2,0.0,0.0,0.0,1.0,0,1.0,0.0,0.0,weak_propulsion|Trend continuation,False,0,1.0,High,0.0,medium,0.7377,False,0.0,0,0.0,0.0,1.0,0,False,False,1.2756,0.8165,False,0.0,1.0,0.0,Balanced,0,1.0,0.0,Buyer Dominant,VALID,VALID,NO_DATA,VALID,False,Bullish,Continuation,Continuation,Breakout Watch,Triggered,High,0.2,Continuation Pullback,0.7653,False,False,False,False,-0.0001657,-0.0001657,0.0,-0.0001657,2.834964280525932e-07,0.0001517607020494985,,0.0008685807407407405,False,False,False,False,138,34,0,7,0.0,0.0,0.0,0.0,0.0,0.0,0.0,0.0,0.0,0.0,0.0,-0.012843428370347215,0.003230453708638087,,0.024936306350717946,0.08044335191482692,0.08324804409311998,0.0,0.09326755116738211,1.030928,1.009,0.05863838285745802,0.2410178038531884,0.0,0.8289189026224169,0.257732,0.2523,0.0017807907365879722,-0.0006531317257134545,0.0,0.012894427301178736,1585996.0,-582068.0,0.0,11575036.0,1.205408174270339,-0.26062496372340804,1.0479123954946121,0.34,0.12121212121212122,0.0,0.8333333333333334,Neutral,0.614,31.43,0.99,2.0,0.5546,0.0060501296456351664,0.009598603839441599,0.0,0.061994609164420615,0.011605,0.011495,0.0,0.011425,-1.0,0.01193,0.01193,0.0,0.01193,0.01128,0.01106,0.0,0.01092,wait,weak_propulsion,"The structure looks like a build, but the propulsion behind it is not convincing enough yet.","weak_local_pressure, soft_flow_alignment, low_oi_percentile_1h",0.65,Trend continuation,v2_balanced,HH/HL,None,0.85,-0.023843325735686094,1.0188834454398377,,0.09674941437131704,-0.11093156070728166,0.7946653237502935,0.0,-0.05688786220704842,,0.1997,Bullish,0.72,-0.01818226266747168,-0.885441821513808,0.0,-0.7276941440155792,2.7540788984169096,-0.3785447081224463,0.46209014382314384,0.012100259291270484,0.01221640488656191,0.0,0.07187780772686436
10,PRLUSDT,15m,Continuation,Long Build-up,Bullish,Triggered,loss,Balanced,High,82.23,B,Medium,2026-04-28T18:25:52.681002+00:00,2026-04-28T18:25:52.681002+00:00,2026-04-28T18:25:52.681002+00:00,1,,2026-04-28T19:26:59.389444+00:00,Fail-Fast Exit,2026-05-03T07:12:41.425119+00:00,0.3531,0.344989,0.36113,0.369321,0.008111,0.00803,0.016221,0.99,2.0,100.0,45.28,128.2356273,1.04,1.03,2.08,2.297,-0.9346,-0.42,-0.4069,-0.1842,0.0,0.0,-1.3594,-0.62,ENTER,0.8223,0.01531334708904801,0.07130492127606956,0.0,0.17154374440131384,0.8223,0.0,0.0,0.0,0.0,0.0,0.7946,0.1,0.0,0.0,0.0,1.0,0,1.0,0.0,0.0,weak_propulsion|Trend continuation,False,0,1.0,High,0.0,medium,0.7448,False,0.0,0,0.0,0.0,1.0,0,False,False,1.1433,0.7946,False,0.0,1.0,0.0,Balanced,0,1.0,0.0,Buyer Dominant,VALID,VALID,NO_DATA,VALID,False,Bullish,Continuation,Continuation,Breakout Watch,Triggered,High,0.0,Continuation Pullback,0.6839,True,True,False,True,-0.0050824,-0.0050824,0.0,-0.0050824,-1.6630201672349076e-08,-4.8561230935809455e-05,,0.0019687494855120313,False,False,False,False,135,33,0,7,0.0,0.0,0.0,0.0,0.0,0.0,0.0,0.0,0.0,0.0,0.0,0.031717572072197775,0.139519979450785,,0.13993340778444865,0.28879049364860027,0.277772344022583,0.0,0.1615504380378378,1.359388,0.5918,0.2776632979609888,0.1512817297401033,0.0,-0.7659659084638295,0.0,0.0,0.0018662218202827583,-0.017061008092230046,0.0,-0.21270636743077503,51026.0,-475833.0,0.0,-7620192.0,1.6817592448582657,-0.5813246178023181,-1.841168012887211,0.24,0.25,0.0,0.5,Neutral,0.714,41.43,0.99,2.0,0.4528,0.018166089965398004,0.015826494724501806,0.0,-0.12581571391281654,0.3488,0.35365,0.0,0.3426,-0.4069,0.3661,0.4039,0.0,0.4047,0.3315,0.3034,0.0,0.2805,wait,weak_propulsion,"The structure looks like a build, but the propulsion behind it is not convincing enough yet.","weak_1h_pressure, soft_flow_alignment, low_oi_percentile_1h",0.65,Trend continuation,v2_balanced,HH/HL,None,0.85,0.1307382462368881,-0.16855854985680657,,0.01050710972391183,0.11493453809209941,-0.1915237675587542,0.0,-0.011162064706191917,,0.1629,Bullish,0.72,0.0,-0.926444577800837,0.0,-0.9480783501105061,0.0,-1.5243207923782114,-1.51697235250268,0.019031141868512257,0.026084407971864065,0.0,0.1610545549464891
11,SIRENUSDT,15m,Continuation,Long Build-up,Bullish,Triggered,loss,Balanced,Medium,88.49,A,Low,2026-04-28T12:13:11.882272+00:00,2026-04-28T12:13:11.882272+00:00,2026-04-28T12:13:11.882272+00:00,1,,2026-04-28T13:14:17.990007+00:00,Fail-Fast Exit,2026-05-03T07:12:50.205773+00:00,0.709,0.699261,0.719421,0.728479,0.009739,0.010421,0.019479,1.07,2.0,100.0,113.64,160.28208745,1.56,1.67,3.12,1.3737,-1.1425,-1.3,-0.8317,-0.9451,0.0282,0.03,-1.1425,-1.3,ENTER,0.8849,0.00915776747934719,0.023224930051498314,0.0,0.06468918535339196,0.8849,0.0,0.0,0.0,0.0,0.0,0.8231,0.0,0.0,0.0,0.0,1.0,0,1.0,0.0,0.0,mixed_context|Trend continuation,False,0,1.0,Medium,0.0,high,0.7627,False,0.0,0,0.0,0.0,1.0,0,False,False,1.281,0.8231,False,0.0,1.0,0.0,Balanced,0,1.0,0.0,Buyer Dominant,VALID,VALID,NO_DATA,VALID,False,Bullish,Continuation,Continuation,Breakout Watch,Triggered,Medium,0.0241,Continuation Pullback,0.7371,False,False,False,False,0.00027082,0.00027082,0.0,0.00027082,0.00031107945152895623,0.0008500592592592593,,0.001045791111111111,False,False,False,True,110,27,0,6,0.0,0.0,0.0,0.0,0.0,0.0,0.0,0.0,0.0,0.0,0.0,0.040109255281745915,0.05301797231843401,,-0.0023409480288664186,0.17000829656059757,0.16316100505621126,0.0,0.16316100505621126,1.142454,0.8317,0.39747267954602533,0.5496509979903593,0.0,0.6017533364952645,0.028209,0.0205,0.0009194655332153631,0.00481672212876081,0.0,0.05013074240944879,15705.0,81878.0,0.0,815386.0,0.2930433823530507,0.9827262308661395,0.0,0.99,0.9615384615384616,0.0,1.0,Neutral,0.612,31.23,1.07,2.0,1.1364,0.006244677831393641,0.0032749537234799497,0.0,-0.02030033370411561,0.705,0.6752499999999999,0.0,0.6693,-0.8317,0.719,0.719,0.0,0.7289,0.691,0.6315,0.0,0.6097,observe,mixed_context,"Context is not broken, but it also does not strongly identify an early or late phase yet.",mixed_signals,0.6133,Trend continuation,v2_balanced,HH/HL,None,0.85,0.023737067776745335,-0.06949681410643231,,-0.04374542500496034,-0.15350089098576122,-0.15245212319167678,0.0,-0.15245212319167678,,0.1682,Bullish,0.9,-0.95,49.52267910066644,0.0,6.513328312141914,-0.674490759476578,60.90614242488588,0.0,0.006244677831393641,0.013384593478570517,0.0,0.053948832035595036
5,CLUSDT,1h,Continuation,Long Build-up,Bullish,Triggered,loss,Balanced,Low,87.67,A,Low,2026-04-28T11:57:51.316590+00:00,2026-04-28T11:57:51.316590+00:00,2026-04-28T11:57:51.316590+00:00,1,,2026-04-28T12:59:00.338150+00:00,Invalidation,2026-05-03T07:11:30.419952+00:00,101.17,100.229286,102.2236,103.051429,0.940714,1.0536,1.881429,1.12,2.0,100.0,118.63,1.1725808,1.1,1.24,2.21,0.9298,-0.9298,-1.1,-1.0,-1.1863,0.0,0.0,-1.6902,-2.01,ENTER,0.8767,0.0034948248351431336,0.006198901424758883,0.0,0.01611149550261934,0.8767,0.0,0.0,0.0,0.0,0.0,0.9233,0.1,0.0,0.0,0.0,1.0,0,1.0,0.0,0.0,climax_event|Trend continuation,False,0,1.0,Low,0.0,elite,0.9322,False,0.0,0,0.0,0.0,1.0,0,False,False,1.35,0.9233,False,0.0,1.0,0.0,Balanced,0,1.0,0.0,Buyer Dominant,VALID,VALID,NO_DATA,VALID,False,Bullish,Continuation,Continuation,Breakout Watch,Triggered,Low,0.0,Continuation Pullback,0.8264,False,False,False,False,-0.00020945,-0.00020945,0.0,-0.00020945,-5.961533895578247e-05,-0.00012670432098765432,,-0.00017612777777777777,False,False,False,False,109,27,0,6,0.0,0.0,0.0,0.0,0.0,0.0,0.0,0.0,0.0,0.0,0.0,-0.28061560266947905,-0.4139159750751746,,-0.37832435594661984,-0.809017030902143,-0.809017030902143,0.0,-0.809017030902143,1.690224,1.8178,-0.20670418689641137,0.21760910413925158,0.0,0.5825365129113805,0.0,0.0,0.008212880002371047,0.057183959968458827,0.0,0.39541981048990527,9205.159999999916,61124.0,0.0,320214.97999999986,0.04232122903788602,3.091841277231742,0.0,1.0,1.0,0.0,1.0,Neutral,0.856,55.61,1.12,2.0,1.1863,0.004268413738336379,0.015049663890839771,0.0,0.024195181210771417,99.83500000000001,98.72999999999999,0.0,98.21000000000001,-1.0,101.39,101.39,0.0,101.39,98.28,96.07,0.0,95.03,wait,climax_event,The move already looks climactic; chasing continuation here is vulnerable to snapback.,"extreme_15m_volume, 4h_volume_surge",1.0,Trend continuation,v2_balanced,HH/HL,Bullish BOS,1.0,0.8534067970367415,0.950317606514781,,1.0218438655087416,0.8264973067567016,0.8264973067567016,0.0,0.8264973067567016,,0.1836,Bullish,0.72,-0.9178286946290898,14.327970984332959,0.0,11.14312388307588,6.165577407158309,53.27596527423936,0.0,0.006452253325392155,0.019062907595063766,0.0,0.03350880745090101
13,币安人生USDT,15m,Continuation,Long Build-up,Bullish,Triggered,win,Balanced,High,87.24,A,Low,2026-04-28T09:11:16.333935+00:00,2026-04-28T09:11:16.333935+00:00,2026-04-28T09:11:16.333935+00:00,1,,2026-04-28T09:26:31.146500+00:00,Partial TP1,2026-05-03T07:13:34.665829+00:00,0.36977,0.364945,0.374546,0.379419,0.004825,0.004776,0.009649,0.99,2.0,100.0,62.86,169.99756605,0.82,0.81,1.64,1.3048,0.6459,0.41,0.495,0.3112,1.3738,0.86,0.0,0.0,ENTER,0.8724,0.008698457342208877,0.017782182381757133,0.0,0.04740725417183835,0.8724,0.0,0.0,0.0,0.0,0.0,0.874,0.0,0.0,0.0,0.0,1.0,0,1.0,0.0,0.0,weak_propulsion|Trend continuation,False,0,1.0,High,0.0,high,0.7723,False,0.0,0,0.0,0.0,1.0,0,False,False,1.3233,0.874,False,0.0,1.0,0.0,Balanced,0,1.0,0.0,Buyer Dominant,VALID,VALID,NO_DATA,INSUFFICIENT_HISTORY,False,Bullish,Continuation,Continuation,Breakout Watch,Triggered,High,1.0,Continuation Pullback,0.9149,False,False,False,False,0.00018083,0.00018083,0.0,5e-05,0.0,0.0,,-0.00013083,False,False,False,False,98,24,0,5,0.0,0.0,0.0,0.0,0.0,0.0,0.0,0.0,0.0,0.0,,0.0001689695754949483,0.011546464829629288,,0.5680324880737546,-0.5520022352051889,-0.5528648399314405,0.0,0.0,0.0,0.0,0.11383093312456989,0.09583275730998747,0.0,0.06636900523881238,1.373827,1.0529,0.002671967641395448,-0.003954307715955438,0.0,0.0,281913.0,-418866.0,0.0,0.0,2.2123769397849444,-1.2830199071117137,,0.44329896907216493,0.34782608695652173,0.0,0.75,Neutral,0.62,41.97,0.99,2.0,0.6286,0.007932181213541863,0.01174848317705472,0.0,-0.02180071769689456,0.368855,0.359715,0.0,0.35975,0.495,0.37527,0.37793,0.0,0.378,0.36244,0.3415,0.0,0.3415,wait,weak_propulsion,"The structure looks like a build, but the propulsion behind it is not convincing enough yet.","weak_local_pressure, weak_1h_pressure, low_oi_percentile_1h",0.65,Trend continuation,v2_balanced,HH/HL,None,0.85,0.398821893214501,-1.1171209708545984,,-0.00251677820026297,0.2262586942143551,-0.8717954919876039,0.0,0.11058214337939756,1.291721,0.1987,Bullish,0.72,-0.23400160139147574,-0.35725646917878046,0.0,0.5611399014321716,6.484373915989137,-0.392481132998303,,0.007932181213541863,0.015002757859900719,0.0,0.043034832582359815
3,BASEDUSDT,15m,Continuation,Long Build-up,Bullish,Triggered,win,Balanced,High,82.19,B,Medium,2026-04-28T08:55:56.588794+00:00,2026-04-28T08:55:56.588794+00:00,2026-04-28T08:55:56.588794+00:00,1,,2026-04-28T09:11:16.333935+00:00,Partial TP1,2026-05-03T07:11:19.085044+00:00,0.14136,0.139841,0.142864,0.144399,0.001519,0.001504,0.003039,0.99,2.0,100.0,41.3,292.16185625,0.44,0.44,0.89,1.0748,0.532,0.22,0.495,0.2044,1.2521,0.52,0.0,0.0,ENTER,0.8219,0.007165090144716643,0.020459414665696552,0.0,0.059833525511674916,0.8219,0.0,0.0,0.0,0.0,0.0,0.7754,0.0,0.0,0.0,0.0,1.0,0,1.0,0.0,0.0,weak_propulsion|Trend continuation,False,0,1.0,High,0.0,medium,0.7445,False,0.0,0,0.0,0.0,1.0,0,False,False,1.129,0.7754,False,0.0,1.0,0.0,Balanced,0,1.0,0.0,Buyer Dominant,VALID,VALID,NO_DATA,INSUFFICIENT_HISTORY,False,Bullish,Continuation,Continuation,Breakout Watch,Triggered,High,1.0,Continuation Pullback,0.6202,False,False,False,False,5e-05,5e-05,0.0,5e-05,0.0,0.0,,0.0,False,False,False,True,97,24,0,5,0.0,0.0,0.0,0.0,0.0,0.0,0.0,0.0,0.0,0.0,,0.0022545056404457142,0.013485515830526706,,-0.8495479417493821,0.8774812382103022,0.8774812382103022,0.0,0.0,0.0,0.0,0.1752252587083714,0.2621270952706053,0.0,-0.4819662480092791,1.252122,1.165,0.0038825992078578768,0.0018225278513509199,0.0,0.0,254544.0,119731.0,0.0,0.0,2.015714073198588,1.0339851404383538,,0.3541666666666667,0.34782608695652173,0.0,0.5,Neutral,0.388,18.8,0.99,2.0,0.413,0.011448196908986965,0.01800374477891403,0.0,-0.007013024187777363,0.14054,0.13725500000000002,0.0,0.13725500000000002,0.495,0.14318,0.14494,0.0,0.14494,0.1379,0.12957,0.0,0.12957,wait,weak_propulsion,"The structure looks like a build, but the propulsion behind it is not convincing enough yet.","weak_local_pressure, soft_flow_alignment, low_oi_percentile_1h",0.65,Trend continuation,v2_balanced,HH/HL,None,0.85,0.022077146630957528,0.002417561238889837,,-0.054374490331901726,0.16296882827813972,0.16296882827813972,0.0,-0.041856905171255294,1.064016,0.1772,Bullish,0.72,0.0,-0.95,0.0,1.0093055930008812,0.0,-0.9865709194722199,,0.011448196908986965,0.020380239089730856,0.0,0.0470158866466294
9,ORCAUSDT,15m,Continuation,Long Build-up,Bullish,Triggered,loss,Balanced,Medium,87.7,A,Low,2026-04-28T08:55:56.588794+00:00,2026-04-28T08:55:56.588794+00:00,2026-04-28T08:55:56.588794+00:00,1,,2026-04-28T09:57:09.555167+00:00,Fail-Fast Exit,2026-05-03T07:12:34.316856+00:00,1.55,1.51025,1.592532,1.6295,0.03975,0.042532,0.0795,1.07,2.0,100.0,132.16,85.26451613,3.39,3.63,6.78,2.5645,-0.1935,-0.26,-0.0755,-0.0997,1.4839,1.96,-0.1935,-0.26,ENTER,0.877,0.017096774193548405,0.055345622119815696,0.0,0.1397831800262812,0.877,0.0,0.0,0.0,0.0,0.0,0.872,0.0,0.0,0.0,0.0,1.0,0,1.0,0.0,0.0,mixed_context|Trend continuation,False,0,1.0,Medium,0.0,medium,0.7245,False,0.0,0,0.0,0.0,1.0,0,False,False,1.3216,0.872,False,0.0,1.0,0.0,Balanced,0,1.0,0.0,Buyer Dominant,VALID,VALID,NO_DATA,INSUFFICIENT_HISTORY,False,Bullish,Continuation,Continuation,Breakout Watch,Triggered,Medium,0.8846,Continuation Pullback,0.9053,True,True,False,True,-0.0007173,-0.0007173,0.0,-0.00098614,0.0,0.0,,-0.0002688399999999999,False,True,False,False,97,24,0,5,0.0,0.0,0.0,0.0,0.0,0.0,0.0,0.0,0.0,0.0,,0.0027280643033969487,-0.013470067774434547,,-0.11581131076292889,0.1812949379459967,0.1812949379459967,0.0,0.0,0.193548,0.0755,0.25131412385420193,-0.1180540051578261,0.0,-0.019050206760049867,1.483871,0.5786,0.009873496827292255,-0.031416740530345884,0.0,0.0,107719.09999999963,-357365.7000000011,0.0,0.0,0.5546980802269165,-1.443279410951921,,0.625,0.6086956521739131,0.0,0.75,Neutral,0.612,41.22,1.07,2.0,1.3216,0.01373446697187713,0.022427440633245404,0.0,0.043180260452364595,1.5315,1.5055,0.0,1.5045,-0.0755,1.618,1.833,0.0,1.833,1.445,1.178,0.0,1.176,observe,mixed_context,"Context is not broken, but it also does not strongly identify an early or late phase yet.",mixed_signals,0.5382,Trend continuation,v2_balanced,HH/HL,None,0.85,0.2483323126822485,0.1393083169751088,,-0.041625561134567675,0.21720595864745637,0.21720595864745637,0.0,-0.002039303051612185,,0.174,Bullish,0.72,-0.5456263105420185,2.211905184155456,0.0,-0.14805508167264345,1.3733089027114358,2.31595698540282,,0.01373446697187713,0.06728232189973621,0.0,0.0849897189856065
7,MONUSDT,15m,Continuation,Long Build-up,Bullish,Triggered,loss,Balanced,High,84.75,B,Medium,2026-04-28T08:25:22.009748+00:00,2026-04-28T08:25:22.009748+00:00,2026-04-28T08:25:22.009748+00:00,1,,2026-04-28T09:41:53.264505+00:00,Fail-Fast Exit,2026-05-03T07:12:18.999103+00:00,0.02951,0.02919,0.029827,0.030151,0.00032,0.000317,0.000641,0.99,2.0,100.0,57.62,1952.55845476,0.63,0.62,1.25,1.0856,-0.2033,-0.12,-0.1873,-0.1079,0.9488,0.55,-0.2033,-0.12,ENTER,0.8475,0.007237256135934566,0.013029236335191182,0.0,0.03301402668491275,0.8475,0.0,0.0,0.0,0.0,0.0,0.8319,0.05,0.0,0.0,0.0,1.0,0,1.0,0.0,0.0,weak_propulsion|Trend continuation,False,0,1.0,High,0.0,high,0.7586,False,0.0,0,0.0,0.0,1.0,0,False,False,1.2883,0.8319,False,0.0,1.0,0.0,Balanced,0,1.0,0.0,Buyer Dominant,VALID,VALID,NO_DATA,INSUFFICIENT_HISTORY,False,Bullish,Continuation,Continuation,Breakout Watch,Triggered,High,0.8235,Continuation Pullback,0.7915,False,False,False,False,5e-05,5e-05,0.0,-3.45e-05,0.0,0.0,,-8.45e-05,False,True,False,False,95,23,0,5,0.0,0.0,0.0,0.0,0.0,0.0,0.0,0.0,0.0,0.0,,-0.032763866439166955,-0.0983816326720448,,0.4256313174390749,-0.5675601408829483,-0.5602051210238872,0.0,0.0,0.203321,0.1873,0.07950981215758704,0.056069386484436275,0.0,0.04875412684641836,0.948831,0.874,0.003365405567553504,0.009149604350663247,0.0,0.0,3265826.0,8786536.0,0.0,0.0,1.8626618727634496,8.600141891850543,,0.7127659574468085,0.6818181818181818,0.0,0.5,Neutral,0.608,40.81,0.99,2.0,0.5762,0.00716723549488061,0.00585197934595525,0.0,-0.025341780593531187,0.029429999999999998,0.030434999999999997,0.0,0.030385,-0.1873,0.03014,0.03215,0.0,0.03215,0.02872,0.02872,0.0,0.02862,wait,weak_propulsion,"The structure looks like a build, but the propulsion behind it is not convincing enough yet.","weak_local_pressure, weak_1h_pressure, soft_flow_alignment",0.65,Trend continuation,v2_balanced,HH/HL,None,0.85,0.8953051617070891,1.0363956325374335,,0.04914728295179775,1.1116272257456044,0.4897449801547518,0.0,-0.02576347521206444,,0.1809,Bullish,0.72,-0.24005449040000415,0.9281815488108293,0.0,4.1972412643203505,1.0323016563620482,3.7505366355805414,,0.00750853242320824,0.01824440619621352,0.0,0.053684561520506845
1,APTUSDT,1h,Continuation,Long Build-up,Bullish,Triggered,win,Balanced,Medium,84.01,B,Medium,2026-04-28T03:55:26.122052+00:00,2026-04-28T03:55:26.122052+00:00,2026-04-28T03:55:26.122052+00:00,1,,2026-04-28T04:56:32.287258+00:00,Partial TP1,2026-05-03T07:11:09.321233+00:00,0.9696,0.957718,0.982314,0.993364,0.011882,0.012714,0.023764,1.07,2.0,100.0,120.62,124.40181518,1.48,1.58,2.96,1.2255,0.6556,0.79,0.535,0.6453,1.8874,2.28,0.0,0.0,ENTER,0.8401,0.002571016030174441,0.008169790193305052,0.0,0.013407590759075919,0.8401,0.49564663410490406,0.35436842653337675,0.41269008914525307,0.0,0.49564663410490406,0.8294,0.05,0.0,0.0,0.0,1.0,0,1.0,0.0,0.0,range_context|Trend continuation,False,0,1.0,Medium,0.0,low,0.6478,False,0.0,0,0.0,0.0,1.0,0,False,False,1.2862,0.8294,False,0.0,1.0,0.0,Balanced,0,1.0,0.0,Buyer Dominant,VALID,VALID,NO_DATA,INSUFFICIENT_HISTORY,False,Bullish,Continuation,Continuation,Breakout Watch,Triggered,Medium,1.0,Continuation Pullback,0.7878,False,False,False,False,-2.36e-06,-2.36e-06,0.0,-2.36e-06,0.0,0.0,,0.0,False,False,False,False,77,19,0,4,0.0,0.0,0.0,0.0,0.0,0.0,0.0,0.0,0.0,0.0,,-0.004961947577211301,-0.0018181614308012684,,-0.03560219789380642,0.4255058589916105,0.4255058589916105,0.0,0.4255058589916105,0.0,0.0,0.08598004636864717,0.13358761429477914,0.0,0.012826317802062911,1.887376,1.5401,0.0027983439819343745,0.00599355361672671,0.0,0.007718437653453018,67126.19999999925,143315.69999999925,0.0,184244.6000000015,2.3423516901878285,2.488221708759871,,0.9342105263157895,0.9444444444444444,0.0,1.0,Neutral,0.586,38.6,1.07,2.0,1.2062,0.006435540793024687,0.006853582554517186,0.0,0.0026887280248190765,0.9653,0.9560500000000001,0.0,0.9560500000000001,0.535,0.9703,0.9703,0.0,0.9703,0.9603,0.9418,0.0,0.9418,wait,range_context,"Price is still compressed, so directional continuation likely has low edge.",compression_context,0.4127,Trend continuation,v2_balanced,HH/HL,None,0.85,1.113192997379668,1.0483228708075858,,1.3865456492529966,1.1479419898009766,1.1479419898009766,0.0,1.1479419898009766,1.311251,0.2033,Bullish,0.72,1.063248845400359,1.0225223046249936,0.0,-0.25311410926282796,3.4204360504976794,0.7332169182921656,,0.006435540793024687,0.009657320872274118,0.0,0.010341261633919348
