candidate,source_signal_id,symbol,timeframe,setup_type,bias,market_regime,volatility_regime,entry_kind,signal_time,entry_touched_at,closed_at,result,close_reason,pnl_pct,r_multiple,position_size_multiplier,allocated_r,entry_price,stop_loss,target_price_1,target_price_2,continuation_quality_ready,continuation_quality_score,market_pressure_4h
baseline,2,1000SHIBUSDT,15m,Continuation,Bullish,Ranging,High,market,2026-04-23T05:07:58.482377+00:00,2026-04-23T05:07:58.482377+00:00,2026-04-23T08:44:59.999000+00:00,loss,Stale Exit,-0.16420361,-0.4108162,1.2059,-0.49540326,0.00609,0.006065658214285714,0.006114098367857143,0.006138683571428572,False,0.0,0.037796927238422304
baseline,3,SEIUSDT,15m,Continuation,Bullish,Ranging,High,market,2026-04-23T06:40:50.276974+00:00,2026-04-23T06:40:50.276974+00:00,2026-04-23T09:11:03.307815+00:00,win,Continuation Trail Stop,0.38222035,0.68564852,0.5169,0.35441172,0.06117,0.06082900285714286,0.061507587171428575,0.06185199428571429,False,0.0,0.008468049871024588
baseline,4,MASKUSDT,24h,Continuation,Bullish,Trending,High,market,2026-04-23T08:02:10.726639+00:00,2026-04-23T08:02:10.726639+00:00,2026-04-26T23:59:37.848919+00:00,win,Target 2,10.06109109,1.495,1.069,1.598155,0.49675071,0.4633202475,0.529846867875,0.563611635,False,0.0,0.9405775364348672
baseline,5,HYPEUSDT,1h,Continuation,Bullish,Balanced,Low,market,2026-04-23T15:00:11.891755+00:00,2026-04-23T15:00:11.891755+00:00,2026-04-23T21:56:43.350362+00:00,loss,Stale Exit,-0.28347526,-0.25104372,1.2098,-0.30371269,41.56364778,41.09431654178571,42.0892987668,42.50231025642857,False,0.0,-0.1526036243443635
baseline,6,RAVEUSDT,15m,Continuation,Bullish,Trending,High,market,2026-04-24T08:04:05.030956+00:00,2026-04-24T08:04:05.030956+00:00,2026-04-24T09:10:12.671664+00:00,loss,Fail-Fast Exit,-1.81079299,-0.63619326,0.8927,-0.56792972,1.03104,1.0016935714285713,1.0600929642857144,1.0897328571428573,False,0.346,0.5204224681897385
baseline,7,MAGMAUSDT,15m,Continuation,Bullish,Balanced,High,market,2026-04-24T10:26:31.962543+00:00,2026-04-24T10:26:31.962543+00:00,2026-04-24T10:57:02.690677+00:00,win,Partial TP1,0.95483449,0.495,0.4233,0.2095335,0.2214,0.21712928571428572,0.22562800714285716,0.2299414285714286,False,0.2301,0.04154004517764777
baseline,8,GALAUSDT,4h,Continuation,Bullish,Trending,High,market,2026-04-24T12:04:56.081605+00:00,2026-04-24T12:04:56.081605+00:00,2026-04-24T23:57:14.414203+00:00,win,Target 2,4.44051138,1.495,1.2798,1.913301,0.00328,0.0031825760714285713,0.003376449689285714,0.0034748478571428572,False,0.0,0.6003666512322284
baseline,9,TRUMPUSDT,24h,Continuation,Bullish,Trending,High,market,2026-04-24T15:48:45.639282+00:00,2026-04-24T15:48:45.639282+00:00,2026-04-25T23:58:06.071119+00:00,loss,Invalidation,-6.79343828,-1.0,1.0372,-1.0372,2.913,2.7151071428571427,3.1089139285714285,3.308785714285714,False,0.0,0.703740248961152
baseline,10,PIPPINUSDT,4h,Continuation,Bullish,Trending,High,market,2026-04-24T20:03:12.819715+00:00,2026-04-24T20:03:12.819715+00:00,2026-04-24T23:59:59.999000+00:00,win,Partial TP1,2.7869592,0.495,1.1114,0.550143,0.02668,0.02517785714285714,0.028167121428571428,0.029684285714285715,False,0.0,0.7691028525455303
baseline,12,FILUSDT,24h,Continuation,Bullish,Trending,High,market,2026-04-24T21:44:55.633568+00:00,2026-04-24T21:44:55.633568+00:00,2026-04-28T23:56:54.234221+00:00,loss,Fail-Fast Exit,-2.75423729,-0.36381809,0.9328,-0.33936952,0.944,0.8725357142857142,1.0147496428571428,1.0869285714285715,False,0.0,0.05720649990394683
baseline,13,ENAUSDT,15m,Continuation,Bullish,Ranging,High,market,2026-04-25T01:33:59.000209+00:00,2026-04-25T01:33:59.000209+00:00,2026-04-25T05:12:49.116208+00:00,win,Continuation Trail Stop,0.45264907,0.91048661,0.6204,0.5648659,0.10905,0.10850785714285714,0.10958672142857141,0.1101342857142857,False,0.3295,-0.023382959010935078
baseline,14,GALAUSDT,4h,Continuation,Bullish,Trending,High,market,2026-04-25T04:01:35.760746+00:00,2026-04-25T04:01:35.760746+00:00,2026-04-25T11:55:01.240326+00:00,loss,Invalidation,-3.54033101,-1.0,1.2825,-1.2825,0.00369,0.0035593617857142858,0.0038193318321428573,0.0039512764285714284,False,0.3619,0.930206908740746
baseline,15,币安人生USDT,1h,Continuation,Bullish,Trending,High,market,2026-04-25T07:04:44.230290+00:00,2026-04-25T07:04:44.230290+00:00,2026-04-25T10:58:58.711783+00:00,win,Target 2,4.77938712,1.495,1.2825,1.9173375,0.35465,0.34331214285714284,0.36587447857142863,0.3773257142857144,False,0.2232,0.22449479409297743
baseline,16,KATUSDT,15m,Continuation,Bullish,Trending,High,market,2026-04-25T07:40:22.993297+00:00,2026-04-25T07:40:22.993297+00:00,2026-04-25T07:55:37.778942+00:00,loss,Invalidation,-3.56119525,-1.0,1.1318,-1.1318,0.02443,0.02356,0.0252913,0.02617,False,0.3965,-0.8965367461561348
baseline,17,ALGOUSDT,4h,Continuation,Bullish,Trending,High,market,2026-04-25T08:00:47.271602+00:00,2026-04-25T08:00:47.271602+00:00,2026-04-25T15:59:59.999000+00:00,loss,Invalidation,-2.83446712,-1.0,1.2825,-1.2825,0.11655,0.11324642857142857,0.12230803571428572,0.12690714285714289,False,0.3619,0.594345637782433
baseline,18,QUSDT,15m,Continuation,Bullish,Balanced,High,market,2026-04-25T08:56:46.260822+00:00,2026-04-25T08:56:46.260822+00:00,2026-04-25T09:57:49.020914+00:00,loss,Invalidation,-1.34165481,-1.0,0.441,-0.441,0.010741,0.010596892857142859,0.010883666071428572,0.011029214285714285,False,0.3212,-0.26417931914575477
baseline,19,ADAUSDT,15m,Continuation,Bearish,Ranging,Medium,market,2026-04-25T11:44:49.786325+00:00,2026-04-25T11:44:49.786325+00:00,2026-04-25T13:26:38.740462+00:00,loss,Invalidation,-0.27254145,-1.0,1.1922,-1.1922,0.2516,0.2522857142857143,0.2508662857142857,0.2502285714285714,False,0.3196,0.20911764555061185
baseline,20,MOVRUSDT,15m,Continuation,Bullish,Balanced,Medium,market,2026-04-25T23:12:16.621452+00:00,2026-04-25T23:12:16.621452+00:00,2026-04-26T00:13:23.805582+00:00,loss,Invalidation,-2.03716331,-1.0,0.4603,-0.4603,2.514,2.462785714285714,2.568799285714286,2.6164285714285715,False,0.3196,0.7437894030405284
baseline,21,ENJUSDT,15m,Continuation,Bullish,Balanced,High,market,2026-04-26T00:59:13.367085+00:00,2026-04-26T00:59:13.367085+00:00,2026-04-26T01:29:43.538436+00:00,loss,Invalidation,-0.96529571,-1.0,0.4527,-0.4527,0.06471,0.06408535714285715,0.06532839642857143,0.0659592857142857,False,0.2796,0.04831177509499676
baseline,25,KATUSDT,15m,Continuation,Bullish,Balanced,High,pending_limit,2026-04-26T10:32:15.906317+00:00,2026-04-26T10:42:34.098790+00:00,2026-04-26T11:29:54.940960+00:00,win,Partial TP1,1.13345074,0.495,0.8997,0.4453515,0.01285621,0.012561828571428572,0.013147647614285714,0.013444972857142856,False,0.0,-0.01702290038575171
baseline,26,ENSOUSDT,15m,Continuation,Bullish,Trending,High,market,2026-04-26T10:47:38.664674+00:00,2026-04-26T10:47:38.664674+00:00,2026-04-26T11:55:37.716802+00:00,loss,Fail-Fast Exit,-1.6261665,-0.29349056,1.0224,-0.30006475,1.0823,1.0223321428571428,1.1416681785714287,1.2022357142857145,False,0.2796,0.8422706682683578
baseline,28,LPTUSDT,24h,Continuation,Bullish,Trending,High,market,2026-04-26T10:57:51.411188+00:00,2026-04-26T10:57:51.411188+00:00,2026-04-30T02:36:36.710926+00:00,loss,Invalidation,-6.69282511,-1.0,1.2545,-1.2545,2.23,2.08075,2.3926825,2.5284999999999997,False,0.6562,0.5609321106462067
baseline,30,SOONUSDT,15m,Continuation,Bullish,Balanced,High,market,2026-04-26T11:55:38.412031+00:00,2026-04-26T11:55:38.412031+00:00,2026-04-26T12:57:19.429954+00:00,loss,Fail-Fast Exit,-1.02692422,-0.5394362,0.5419,-0.29232047,0.19042593,0.1868007932142857,0.19401481541785714,0.1976762035714286,False,0.3138,-0.06901810078247064
baseline,31,1000PEPEUSDT,4h,Continuation,Bullish,Balanced,High,pending_limit,2026-04-26T12:00:01.672812+00:00,2026-04-26T15:57:38.304963+00:00,2026-04-27T03:57:34.172163+00:00,win,Partial TP1,1.0394405,0.495,1.2825,0.6348375,0.00393247,0.0038498928571428577,0.004014221371428572,0.004097624285714286,False,0.3619,0.8161978723695781
baseline,32,PENGUUSDT,4h,Continuation,Bullish,Trending,High,market,2026-04-26T12:00:03.838952+00:00,2026-04-26T12:00:03.838952+00:00,2026-04-26T19:59:59.999000+00:00,loss,Invalidation,-4.06722501,-1.0,1.2825,-1.2825,0.00895925,0.008594857142857144,0.009319998928571428,0.009688035714285713,False,0.3619,0.8039359207390724
baseline,33,XLMUSDT,1h,Continuation,Bullish,Ranging,High,market,2026-04-26T12:00:06.513600+00:00,2026-04-26T12:00:06.513600+00:00,2026-04-26T16:59:31.428879+00:00,loss,Invalidation,-0.71195756,-1.0,1.262,-1.262,0.17123653,0.17001739857142856,0.1725044266857143,0.17367479285714288,False,0.5711,0.19347332362598849
baseline,34,ORCAUSDT,15m,Continuation,Bullish,Trending,High,market,2026-04-26T13:28:18.332461+00:00,2026-04-26T13:28:18.332461+00:00,2026-04-26T14:40:19.002275+00:00,loss,Invalidation,-5.95305529,-1.0,1.0235,-1.0235,1.68695841,1.5865328432142856,1.7863797211178571,1.8878095435714286,False,0.3042,0.764034572812049
baseline,35,SEIUSDT,15m,Continuation,Bullish,Balanced,High,market,2026-04-26T14:24:55.296885+00:00,2026-04-26T14:24:55.296885+00:00,2026-04-26T14:55:47.294101+00:00,win,Target 2,1.40629411,1.495,0.432,0.64584,0.06212,0.06153565892857143,0.0626984976607143,0.06328868214285716,False,0.3007,0.8605956899290063
baseline,36,INJUSDT,15m,Continuation,Bullish,Balanced,Low,market,2026-04-26T15:26:42.012694+00:00,2026-04-26T15:26:42.012694+00:00,2026-04-26T16:13:05.060954+00:00,loss,Invalidation,-0.82071308,-1.0,0.8137,-0.8137,3.66131293,3.6312640557142855,3.6949676692,3.7214106785714285,False,0.3241,0.6134560094781941
baseline,37,CHZUSDT,4h,Continuation,Bullish,Trending,High,market,2026-04-26T16:00:05.498613+00:00,2026-04-26T16:00:05.498613+00:00,2026-04-26T23:59:59.999000+00:00,loss,Invalidation,-3.75765928,-1.0,1.1296,-1.1296,0.05146631,0.04953238142857143,0.05338089928571429,0.055334167142857146,False,0.3619,0.8504862964570051
baseline,38,AXSUSDT,15m,Continuation,Bullish,Balanced,Medium,market,2026-04-26T19:28:37.060134+00:00,2026-04-26T19:28:37.060134+00:00,2026-04-26T21:11:38.323717+00:00,win,Target 2,2.22424555,1.535,1.113,1.708455,1.405,1.384641270357143,1.4267838407178572,1.4457174592857143,False,0.3015,0.7260817039131535
baseline,39,AAVEUSDT,4h,Continuation,Bullish,Balanced,Low,market,2026-04-26T20:00:03.797533+00:00,2026-04-26T20:00:03.797533+00:00,2026-04-27T03:57:34.172163+00:00,win,Partial TP1,1.33531417,0.56,1.2137,0.679672,96.90020949,94.58963408785714,99.4880539404,101.52136029428571,False,0.3619,0.3615636011406952
baseline,40,HIGHUSDT,15m,Continuation,Bullish,Balanced,High,market,2026-04-26T20:20:05.694944+00:00,2026-04-26T20:20:05.694944+00:00,2026-04-26T20:40:46.975684+00:00,loss,Invalidation,-1.72450199,-1.0,0.5825,-0.5825,0.23074264,0.22676347857142856,0.23468200981428572,0.23870096285714287,False,0.3015,-0.4903518086908529
baseline,41,SONICUSDT,15m,Continuation,Bearish,Ranging,High,market,2026-04-26T21:54:51.827206+00:00,2026-04-26T21:54:51.827206+00:00,2026-04-26T21:58:06.978358+00:00,loss,Invalidation,-0.50435252,-1.0,0.9152,-0.9152,0.03833968,0.038533047142857144,0.038148246528571426,0.037952945714285716,False,0.319,0.4515068179932551
baseline,43,ONDOUSDT,24h,Continuation,Bullish,Trending,High,market,2026-04-26T23:18:58.803078+00:00,2026-04-26T23:18:58.803078+00:00,2026-04-30T23:56:37.107812+00:00,loss,Fail-Fast Exit,-1.39045472,-0.19499341,0.5539,-0.10800685,0.2661,0.247125,0.28678275,0.30405,False,0.7327,-0.1038369282845766
baseline,44,FARTCOINUSDT,4h,Continuation,Bullish,Trending,High,market,2026-04-27T00:04:44.483023+00:00,2026-04-27T00:04:44.483023+00:00,2026-04-27T11:56:00.061039+00:00,loss,Invalidation,-2.94818889,-1.0,1.2825,-1.2825,0.2081,0.20196481892857143,0.2141738292607143,0.22037036214285716,False,0.3619,0.6630816774632404
baseline,45,VIRTUALUSDT,1h,Continuation,Bullish,Balanced,Medium,market,2026-04-27T01:04:42.335016+00:00,2026-04-27T01:04:42.335016+00:00,2026-04-27T05:59:44.067879+00:00,loss,Invalidation,0.08404272,0.06,1.288,0.07728,0.7195,0.7094218771428572,0.7307874976,0.7396562457142857,False,0.4938,0.10817093781520179
baseline,46,SEIUSDT,24h,Continuation,Bullish,Trending,High,market,2026-04-27T01:50:28.551390+00:00,2026-04-27T01:50:28.551390+00:00,2026-04-30T23:56:37.107812+00:00,loss,Invalidation,-7.34892281,-1.0,1.2678,-1.2678,0.06326,0.05861107142857143,0.06832733214285713,0.07255785714285713,False,0.7327,-0.40266542898841684
baseline,47,1000PEPEUSDT,4h,Continuation,Bullish,Trending,High,market,2026-04-27T04:02:39.603957+00:00,2026-04-27T04:02:39.603957+00:00,2026-04-27T07:56:49.299071+00:00,loss,Invalidation,-2.27721377,-1.0,1.2825,-1.2825,0.0040048,0.003913602142857143,0.004095085878571428,0.004187195714285714,False,0.4086,0.829668475976292
baseline,48,AAVEUSDT,4h,Continuation,Bullish,Trending,Low,market,2026-04-27T04:02:41.499745+00:00,2026-04-27T04:02:41.499745+00:00,2026-04-27T07:56:49.299071+00:00,loss,Invalidation,-2.45504295,-1.0,1.215,-1.215,99.46,97.01821428571428,102.1948,104.34357142857142,False,0.4086,0.5016876528331877
baseline,49,SPKUSDT,4h,Continuation,Bullish,Trending,High,market,2026-04-27T04:02:43.626465+00:00,2026-04-27T04:02:43.626465+00:00,2026-04-27T11:56:00.061039+00:00,loss,Invalidation,-7.93858599,-1.0,1.2411,-1.2411,0.03874,0.03566459178571428,0.04178465413214286,0.04489081642857143,False,0.4086,0.16792663325711935
baseline,50,MONUSDT,4h,Continuation,Bullish,Trending,High,market,2026-04-27T04:02:46.633158+00:00,2026-04-27T04:02:46.633158+00:00,2026-04-27T11:56:00.061039+00:00,loss,Invalidation,-3.69866835,-1.0,1.2569,-1.2569,0.03272,0.031509795714285714,0.03391810224285714,0.03514040857142857,False,0.4086,0.27019177692784824
baseline,51,GENIUSUSDT,15m,Continuation,Bullish,Ranging,Medium,market,2026-04-27T04:58:42.179294+00:00,2026-04-27T04:58:42.179294+00:00,2026-04-27T05:29:12.826355+00:00,loss,Invalidation,-0.63449337,-1.0,0.5757,-0.5757,0.5944,0.5906285714285715,0.5984354285714286,0.6019428571428571,False,0.3279,-0.28774915398265
baseline,52,AXSUSDT,15m,Continuation,Bullish,Balanced,Medium,market,2026-04-27T14:08:28.137705+00:00,2026-04-27T14:08:28.137705+00:00,2026-04-27T15:14:41.059541+00:00,win,Partial TP1,0.71448806,0.535,1.3367,0.7151345,1.412,1.393142857142857,1.4321771428571428,1.4497142857142857,False,0.321,0.326850278984584
baseline,53,APEUSDT,15m,Continuation,Bullish,Balanced,High,market,2026-04-28T04:00:32.395208+00:00,2026-04-28T04:00:32.395208+00:00,2026-04-28T04:41:16.652168+00:00,win,Target 2,1.83665492,1.495,0.421,0.629395,0.1439,0.14213214285714285,0.1456501785714286,0.1474357142857143,True,0.4026,0.2613758846592708
baseline,54,SIRENUSDT,15m,Continuation,Bullish,Balanced,High,market,2026-04-28T06:38:24.522862+00:00,2026-04-28T06:38:24.522862+00:00,2026-04-28T09:57:09.555167+00:00,win,Continuation Trail Stop,1.20641943,0.58318017,0.6265,0.36536238,0.6992,0.6847357142857143,0.7135196428571429,0.7281285714285715,True,0.4311,-0.20252158733565198
baseline,55,1000LUNCUSDT,4h,Continuation,Bullish,Trending,High,market,2026-04-28T08:05:01.756864+00:00,2026-04-28T08:05:01.756864+00:00,2026-04-28T15:58:12.353393+00:00,loss,Invalidation,-7.74818402,-1.0,1.2529,-1.2529,0.06903,0.06368142857142857,0.0743250857142857,0.07972714285714284,False,0.2271,0.5646040579648409
baseline,56,ORCAUSDT,15m,Continuation,Bullish,Balanced,Medium,market,2026-04-28T08:55:56.692015+00:00,2026-04-28T08:55:56.692015+00:00,2026-04-28T10:12:26.395766+00:00,win,Partial TP1,1.37201613,0.535,1.3216,0.707056,1.55,1.51025,1.5925325,1.6295,True,0.4311,0.890717384463955
baseline,57,币安人生USDT,15m,Continuation,Bullish,Balanced,High,market,2026-04-28T09:06:10.991617+00:00,2026-04-28T09:06:10.991617+00:00,2026-04-28T10:59:59.999000+00:00,win,Partial TP1,0.63917487,0.495,0.5513,0.2728935,0.36924,0.36447214285714286,0.3739601785714286,0.3787757142857143,True,0.4311,-0.3603861032506503
baseline,58,CLUSDT,4h,Continuation,Bullish,Balanced,Low,market,2026-04-28T10:49:15.013450+00:00,2026-04-28T10:49:15.013450+00:00,2026-04-28T11:57:51.316590+00:00,win,Partial TP1,0.90353826,0.56,1.2061,0.675416,98.85,97.25509362107142,100.6362951444,102.03981275785713,False,0.0,0.6088974130374912
baseline,59,BZUSDT,4h,Continuation,Bullish,Balanced,Low,market,2026-04-28T12:02:57.289108+00:00,2026-04-28T12:02:57.289108+00:00,2026-04-28T15:58:12.353393+00:00,loss,Invalidation,-1.76161908,-1.0,0.574,-0.574,105.47,103.61202035321428,107.55093720440001,109.18595929357144,False,0.2494,0.22506086204643497
baseline,60,CRVUSDT,15m,Continuation,Bullish,Balanced,High,market,2026-04-28T13:29:34.569642+00:00,2026-04-28T13:29:34.569642+00:00,2026-04-28T14:41:01.321135+00:00,loss,Fail-Fast Exit,-0.44052863,-0.44444444,0.4222,-0.18764444,0.227,0.22475,0.2292275,0.2315,True,0.4781,0.13362890611388575
baseline,61,PRLUSDT,15m,Continuation,Bullish,Balanced,High,market,2026-04-28T18:20:45.849038+00:00,2026-04-28T18:20:45.849038+00:00,2026-04-28T19:57:31.782211+00:00,loss,Stale Exit,-1.11174458,-0.49591281,0.4481,-0.22221853,0.3508,0.3429357142857143,0.35858564285714284,0.3665285714285714,True,0.4706,-0.8318016054688584
baseline,62,KATUSDT,15m,Continuation,Bullish,Balanced,High,market,2026-04-28T19:11:41.560976+00:00,2026-04-28T19:11:41.560976+00:00,2026-04-28T20:12:52.467473+00:00,loss,Invalidation,-1.02172312,-1.0,0.5546,-0.5546,0.01164,0.011521071428571429,0.011757739285714284,0.01187785714285714,True,0.4706,0.826987556497169
baseline,63,OPENUSDT,15m,Continuation,Bullish,Balanced,High,market,2026-04-28T23:26:23.210541+00:00,2026-04-28T23:26:23.210541+00:00,2026-04-28T23:41:39.904205+00:00,win,Partial TP1,0.49467562,0.495,1.1983,0.5931585,0.2616,0.2589857142857143,0.2641881428571428,0.26682857142857136,True,0.5049,0.6146898827107041
baseline,64,BIOUSDT,4h,Continuation,Bullish,Trending,High,market,2026-04-29T00:02:01.300062+00:00,2026-04-29T00:02:01.300062+00:00,2026-04-29T03:56:09.151296+00:00,loss,Invalidation,-7.61503884,-1.0,1.2825,-1.2825,0.03623,0.033471071428571426,0.03896133928571428,0.04174785714285714,False,0.2138,0.6741784712452066
baseline,65,HUSDT,4h,Continuation,Bullish,Trending,High,market,2026-04-29T00:02:03.863579+00:00,2026-04-29T00:02:03.863579+00:00,2026-04-29T23:59:59.999000+00:00,loss,Fail-Fast Exit,-1.13047314,-0.14960774,0.6412,-0.09592848,0.18134,0.1676375,0.194905475,0.208745,False,0.2138,0.14204809695168077
baseline,66,DOGEUSDT,15m,Continuation,Bullish,Ranging,High,market,2026-04-29T00:27:29.829690+00:00,2026-04-29T00:27:29.829690+00:00,2026-04-29T01:59:07.419247+00:00,win,Partial TP1,0.17726481,0.495,1.1597,0.5740515,0.09963,0.09927321428571428,0.09998321785714286,0.10034357142857142,True,0.5067,0.050771910025883285
baseline,68,GALAUSDT,4h,Continuation,Bullish,Trending,High,market,2026-04-29T04:01:21.552093+00:00,2026-04-29T04:01:21.552093+00:00,2026-04-29T23:59:59.999000+00:00,loss,Invalidation,-3.39180051,-1.0,0.5144,-0.5144,0.00338,0.0032653571428571428,0.0034934964285714292,0.003609285714285715,False,0.2454,0.3143062190327543
baseline,69,API3USDT,1h,Continuation,Bullish,Trending,High,market,2026-04-29T06:04:20.466984+00:00,2026-04-29T06:04:20.466984+00:00,2026-04-29T08:55:32.804864+00:00,loss,Invalidation,-4.36817333,-1.0,1.2799,-1.2799,0.3976,0.38023214285714285,0.41566257142857144,0.4323357142857143,False,0.6319,0.915257187070092
baseline,70,TACUSDT,15m,Continuation,Bullish,Balanced,High,market,2026-04-29T08:29:31.754826+00:00,2026-04-29T08:29:31.754826+00:00,2026-04-30T01:59:59.999000+00:00,win,Target 2,3.30665051,1.52,0.4246,0.645392,0.014145,0.013837285714285715,0.014465022857142856,0.014760428571428568,True,0.5494,-0.32043215028438954
baseline,72,DOGEUSDT,24h,Continuation,Bullish,Trending,High,pending_limit,2026-04-30T02:20:15.669725+00:00,2026-04-30T23:56:37.107812+00:00,,open,,4.01231688,0.67758456,1.2638,0.85633136,0.10717,0.10082392857142858,0.11345261071428571,0.11986214285714285,False,0.5116,-0.1653235000627048
baseline,73,CLUSDT,4h,Continuation,Bullish,Trending,Low,market,2026-04-30T04:00:19.428150+00:00,2026-04-30T04:00:19.428150+00:00,2026-04-30T11:59:59.999000+00:00,loss,Invalidation,-2.800414,-1.0,0.5795,-0.5795,109.04,105.98642857142858,112.46000000000001,115.14714285714287,False,0.252,0.17478291317245376
baseline,74,BZUSDT,4h,Continuation,Bullish,Balanced,Low,market,2026-04-30T04:00:19.754659+00:00,2026-04-30T04:00:19.754659+00:00,2026-04-30T11:59:59.999000+00:00,loss,Invalidation,-2.60856358,-1.0,1.1871,-1.1871,112.87,109.92571428571429,116.16760000000001,118.75857142857143,False,0.252,0.2585846810345314
baseline,75,SNDKUSDT,4h,Continuation,Bullish,Trending,Low,market,2026-04-30T12:01:14.590129+00:00,2026-04-30T12:01:14.590129+00:00,2026-04-30T23:59:59.999000+00:00,loss,Invalidation,-3.69336402,-1.0,0.6075,-0.6075,1104.8,1063.9957142857143,1150.5008,1186.4085714285713,True,0.2532,0.19077505931831082
baseline,76,SOLVUSDT,15m,Continuation,Bullish,Balanced,High,market,2026-04-30T14:10:50.171385+00:00,2026-04-30T14:10:50.171385+00:00,2026-04-30T15:27:09.480059+00:00,loss,Invalidation,-1.22772482,-1.0,1.0867,-1.0867,0.004826,0.00476675,0.0048876200000000005,0.004944500000000001,True,0.571,-0.19507723068761948
baseline,77,API3USDT,15m,Continuation,Bullish,Balanced,High,market,2026-05-01T02:29:27.500851+00:00,2026-05-01T02:29:27.500851+00:00,2026-05-01T04:11:24.252823+00:00,loss,Stale Exit,-1.76120176,-0.81367521,0.6297,-0.51237128,0.3861,0.37774285714285716,0.39479142857142857,0.4028142857142857,True,0.5808,0.27653180026654867
baseline,78,1000LUNCUSDT,15m,Continuation,Bullish,Balanced,High,market,2026-05-01T03:56:05.034252+00:00,2026-05-01T03:56:05.034252+00:00,2026-05-01T06:13:49.034867+00:00,loss,Stale Exit,-0.71808511,-0.45693563,0.6221,-0.28425966,0.0752,0.07401821428571428,0.07642905714285715,0.07756357142857144,True,0.5808,-0.6399147014805943
baseline,79,1000BONKUSDT,1h,Continuation,Bullish,Balanced,High,market,2026-05-01T04:01:11.891979+00:00,2026-05-01T04:01:11.891979+00:00,2026-05-01T07:55:53.731928+00:00,loss,Invalidation,-0.90799031,-1.0,0.6014,-0.6014,0.006254,0.006197214285714286,0.006313057142857142,0.006367571428571428,False,0.5415,0.26252900063674134
baseline,80,MONUSDT,15m,Continuation,Bullish,Balanced,High,market,2026-05-01T08:21:23.352575+00:00,2026-05-01T08:21:23.352575+00:00,2026-05-01T08:56:59.606753+00:00,loss,Invalidation,-1.0816605,-1.0,0.4262,-0.4262,0.02932,0.029002857142857143,0.029633971428571427,0.02995428571428571,True,0.5518,-0.21856469419070637
baseline,81,BIOUSDT,15m,Continuation,Bullish,Balanced,High,market,2026-05-01T09:58:06.778988+00:00,2026-05-01T09:58:06.778988+00:00,2026-05-01T10:28:43.970881+00:00,loss,Invalidation,-1.54141744,-1.0,0.4239,-0.4239,0.04108,0.04044678571428571,0.04170688214285714,0.04234642857142857,True,0.5427,-0.18327156572967293
baseline,82,SOLVUSDT,15m,Continuation,Bullish,Balanced,High,market,2026-05-01T10:54:12.302371+00:00,2026-05-01T10:54:12.302371+00:00,2026-05-01T12:26:05.968103+00:00,loss,Stale Exit,-0.60803474,-0.50353243,0.5793,-0.29169634,0.004605,0.004549392857142857,0.0046600510714285715,0.004716214285714285,True,0.5334,0.14206441487122048
baseline,83,LUMIAUSDT,15m,Continuation,Bullish,Balanced,High,market,2026-05-01T11:35:05.526164+00:00,2026-05-01T11:35:05.526164+00:00,2026-05-01T13:11:58.981508+00:00,win,Target 2,3.051461,1.495,0.4236,0.633282,0.17312,0.16958642857142858,0.1766182357142857,0.18018714285714282,True,0.5334,-0.49904994234420774
baseline,84,FETUSDT,1h,Continuation,Bullish,Balanced,High,market,2026-05-01T13:01:43.920498+00:00,2026-05-01T13:01:43.920498+00:00,2026-05-01T19:59:39.925076+00:00,loss,Stale Exit,-0.19970045,-0.20400729,1.2825,-0.26163934,0.2003,0.19833928571428572,0.20224110714285715,0.20422142857142858,False,0.4722,-0.021419562770135965
baseline,85,FARTCOINUSDT,4h,Continuation,Bullish,Trending,High,market,2026-05-01T16:00:05.434939+00:00,2026-05-01T16:00:05.434939+00:00,2026-05-02T11:58:17.107269+00:00,loss,Fail-Fast Exit,-1.78485287,-0.43005396,1.0626,-0.45697534,0.2073,0.19869642857142858,0.21581753571428572,0.22450714285714288,True,0.2464,0.42389007428054365
baseline,86,1000BONKUSDT,4h,Continuation,Bullish,Trending,High,market,2026-05-01T16:00:06.216040+00:00,2026-05-01T16:00:06.216040+00:00,2026-05-02T11:58:17.107269+00:00,loss,Fail-Fast Exit,-1.77075099,-0.54988602,1.108,-0.60927372,0.006325,0.006121321428571428,0.006526641785714286,0.006732357142857143,True,0.2464,0.3052281458644802
baseline,87,MSTRUSDT,4h,Continuation,Bullish,Trending,Low,market,2026-05-01T20:04:46.852781+00:00,2026-05-01T20:04:46.852781+00:00,2026-05-02T15:59:59.999000+00:00,loss,Fail-Fast Exit,-0.07330965,-0.02188157,0.5745,-0.01257096,177.33,171.38892857142858,183.984,189.21214285714288,True,0.2464,0.1582110473540786
baseline,88,LUMIAUSDT,15m,Continuation,Bullish,Balanced,High,market,2026-05-02T00:55:39.207781+00:00,2026-05-02T00:55:39.207781+00:00,2026-05-02T01:10:54.356600+00:00,loss,Invalidation,-1.17894599,-1.0,0.6261,-0.6261,0.17449,0.17243285714285714,0.17662942857142858,0.17860428571428574,True,0.5796,-0.29397655840484016
baseline,89,LITUSDT,15m,Continuation,Bullish,Ranging,Medium,market,2026-05-02T01:41:30.105255+00:00,2026-05-02T01:41:30.105255+00:00,2026-05-02T02:42:41.177024+00:00,loss,Fail-Fast Exit,-0.18772085,-0.3347398,0.4404,-0.14741941,0.9056,0.9005214285714285,0.911288,0.9157571428571429,True,0.5794,0.05768443045144558
baseline,90,币安人生USDT,15m,Continuation,Bullish,Balanced,High,market,2026-05-02T02:27:27.646962+00:00,2026-05-02T02:27:27.646962+00:00,2026-05-02T02:42:41.177024+00:00,win,Partial TP1,0.47353214,0.52,0.6263,0.325676,0.3545,0.3512717857142857,0.3578573428571428,0.36095642857142857,True,0.5794,-0.06543437263416006
baseline,91,CHIPUSDT,15m,Continuation,Bullish,Balanced,High,market,2026-05-02T14:31:12.290965+00:00,2026-05-02T14:31:12.290965+00:00,2026-05-02T16:28:33.777438+00:00,loss,Stale Exit,-0.10441527,-0.09201878,0.538,-0.0495061,0.06704,0.06627928571428572,0.06783114285714285,0.06856142857142856,True,0.5839,-0.10631591141626875
baseline,92,FETUSDT,4h,Continuation,Bullish,Trending,High,market,2026-05-02T16:03:08.033657+00:00,2026-05-02T16:03:08.033657+00:00,2026-05-02T19:57:41.745591+00:00,win,Partial TP1,0.88954768,0.495,1.2825,0.6348375,0.2045,0.20082499999999998,0.20813825,0.21185,True,0.2464,0.492415906510515
baseline,93,PIEVERSEUSDT,4h,Continuation,Bullish,Trending,High,market,2026-05-02T16:03:08.692762+00:00,2026-05-02T16:03:08.692762+00:00,2026-05-03T03:57:37.253056+00:00,win,Target 2,6.00724155,1.495,1.2565,1.8784675,0.7346,0.7050821428571429,0.7638226785714286,0.7936357142857143,True,0.2464,0.44958083448501285
baseline,94,GIGGLEUSDT,4h,Continuation,Bullish,Trending,Low,market,2026-05-02T20:03:03.196508+00:00,2026-05-02T20:03:03.196508+00:00,2026-05-03T07:57:41.935732+00:00,loss,Invalidation,-3.44149787,-1.0,0.5944,-0.5944,32.16,31.053214285714283,33.39959999999999,34.373571428571424,True,0.2464,0.19981561896239142
baseline,95,OPGUSDT,4h,Continuation,Bullish,Trending,High,market,2026-05-03T04:02:54.915649+00:00,2026-05-03T04:02:54.915649+00:00,2026-05-04T03:59:59.999000+00:00,win,Target 2,7.77652663,1.495,0.5201,0.7775495,0.2688,0.25481785714285715,0.2826423214285714,0.29676428571428565,True,0.2873,0.7442023654159586
baseline,96,ORDIUSDT,15m,Continuation,Bullish,Balanced,Low,market,2026-05-03T07:57:44.137116+00:00,2026-05-03T07:57:44.137116+00:00,2026-05-03T08:43:33.810399+00:00,loss,Invalidation,-1.67646819,-1.0,0.4171,-0.4171,5.247,5.159035714285714,5.34552,5.422928571428571,True,0.5688,-0.45481963025760386
baseline,97,VIRTUALUSDT,4h,Continuation,Bullish,Trending,High,market,2026-05-03T08:02:52.290482+00:00,2026-05-03T08:02:52.290482+00:00,2026-05-04T11:55:39.133173+00:00,win,Continuation Trail Stop,2.44829836,0.81372162,1.2184,0.99143843,0.7382,0.7159892857142857,0.7601886071428572,0.7826214285714286,True,0.2978,0.47394836792255673
baseline,98,WLFIUSDT,15m,Continuation,Bullish,Balanced,High,market,2026-05-03T10:56:20.080549+00:00,2026-05-03T10:56:20.080549+00:00,2026-05-03T11:57:32.798030+00:00,win,Target 2,1.36322188,1.495,0.6249,0.9342255,0.0564,0.05588571428571428,0.05690914285714286,0.05742857142857143,True,0.5555,0.46582877967910535
baseline,99,MEGAUSDT,15m,Continuation,Bullish,Balanced,High,market,2026-05-03T15:16:44.293896+00:00,2026-05-03T15:16:44.293896+00:00,2026-05-03T15:42:13.949142+00:00,loss,Invalidation,-0.88082403,-1.0,0.4158,-0.4158,0.12614,0.12502892857142858,0.12729551428571428,0.12836214285714284,True,0.5435,0.12148175952172553
baseline,100,ZECUSDT,4h,Continuation,Bullish,Trending,Low,market,2026-05-03T16:02:47.035349+00:00,2026-05-03T16:02:47.035349+00:00,2026-05-04T11:55:39.133173+00:00,win,Continuation Trail Stop,2.04487261,0.58597394,1.215,0.71195834,403.77,389.6796428571428,419.5512,431.9507142857143,True,0.2978,0.7446291627400073
baseline,101,WLFIUSDT,4h,Continuation,Bullish,Trending,High,market,2026-05-03T16:02:47.722101+00:00,2026-05-03T16:02:47.722101+00:00,2026-05-04T19:59:30.855080+00:00,win,Target 2,7.69187976,1.495,1.2621,1.8868395,0.0581,0.055110714285714284,0.061059392857142854,0.06407857142857143,True,0.2978,0.3969865842879471
baseline,102,ENAUSDT,1h,Continuation,Bullish,Balanced,High,market,2026-05-03T21:04:00.563812+00:00,2026-05-03T21:04:00.563812+00:00,2026-05-03T22:56:27.145936+00:00,win,Partial TP1,0.46759298,0.495,1.2345,0.6110775,0.1014,0.10044214285714285,0.10234827857142859,0.1033157142857143,False,0.4426,0.17587905424378905
baseline,103,TAOUSDT,4h,Continuation,Bullish,Trending,Low,market,2026-05-04T04:02:54.406093+00:00,2026-05-04T04:02:54.406093+00:00,2026-05-04T11:55:39.133173+00:00,loss,Invalidation,-3.0658722,-1.0,1.0007,-1.0007,293.1,284.1139285714286,303.16440000000006,311.0721428571429,True,0.336,0.2773394518459701
baseline,104,SEIUSDT,4h,Continuation,Bullish,Balanced,High,market,2026-05-04T04:02:58.217894+00:00,2026-05-04T04:02:58.217894+00:00,2026-05-04T11:55:39.133173+00:00,loss,Invalidation,-1.83617169,-1.0,0.6412,-0.6412,0.05981,0.058711785714285716,0.060897232142857145,0.06200642857142857,True,0.336,0.49282210941668914
baseline,105,SUIUSDT,4h,Continuation,Bullish,Balanced,Medium,market,2026-05-04T04:07:20.976681+00:00,2026-05-04T04:07:20.976681+00:00,2026-05-04T11:55:39.133173+00:00,loss,Invalidation,-1.33287765,-1.0,1.35,-1.35,0.9405,0.9279642857142858,0.9539132142857142,0.9655714285714284,False,0.0,0.4809456171132491
baseline,106,RENDERUSDT,4h,Continuation,Bullish,Balanced,Medium,market,2026-05-04T04:07:21.086450+00:00,2026-05-04T04:07:21.086450+00:00,2026-05-04T15:54:57.016289+00:00,loss,Invalidation,-2.4148928,-1.0,1.35,-1.35,1.859,1.814107142857143,1.907035357142857,1.9487857142857141,False,0.0,0.6407669846968628
baseline,107,UNIUSDT,4h,Continuation,Bullish,Trending,Medium,market,2026-05-04T04:07:21.370969+00:00,2026-05-04T04:07:21.370969+00:00,2026-05-04T07:56:19.032460+00:00,win,Partial TP1,0.87857463,0.535,1.35,0.72225,3.347,3.2920357142857144,3.4058117857142856,3.456928571428571,False,0.0,0.4682775537101902
baseline,108,ETHUSDT,4h,Continuation,Bullish,Trending,Low,market,2026-05-04T04:07:22.204651+00:00,2026-05-04T04:07:22.204651+00:00,2026-05-04T11:55:39.133173+00:00,loss,Invalidation,-1.21224418,-1.0,1.215,-1.215,2383.36,2354.467857142857,2415.7192000000005,2441.144285714286,False,0.0,0.3586840796824022
baseline,110,ETCUSDT,24h,Continuation,Bullish,Trending,Medium,market,2026-05-04T04:22:43.817036+00:00,2026-05-04T04:22:43.817036+00:00,2026-05-06T23:59:04.191693+00:00,win,Target 2,6.57894964,1.535,1.2075,1.8535125,8.697,8.32425,9.0958425,9.442499999999999,False,0.4887,-0.05606793185022554
baseline,111,ONDOUSDT,24h,Continuation,Bullish,Trending,High,market,2026-05-04T04:27:47.316952+00:00,2026-05-04T04:27:47.316952+00:00,2026-05-04T23:59:02.733698+00:00,win,Partial TP1,3.329405,0.495,1.2825,0.6348375,0.2982,0.2781428571428572,0.3180565714285714,0.3383142857142857,False,0.4887,-0.02827974888950468
baseline,112,DASHUSDT,4h,Continuation,Bullish,Trending,Low,market,2026-05-04T08:01:25.195561+00:00,2026-05-04T08:01:25.195561+00:00,2026-05-04T11:55:39.133173+00:00,loss,Invalidation,-5.56492041,-1.0,1.215,-1.215,48.73,46.01821428571428,51.7672,54.15357142857143,True,0.3584,0.8944261529500779
baseline,113,LINKUSDT,24h,Continuation,Bullish,Trending,Low,market,2026-05-04T09:17:44.043146+00:00,2026-05-04T09:17:44.043146+00:00,2026-05-06T23:59:04.191693+00:00,win,Target 2,6.41903652,1.56,1.1418,1.781208,9.439,9.050607142857144,9.873999999999999,10.215785714285712,False,0.4887,0.03357917389588622
baseline,114,UNIUSDT,24h,Continuation,Bullish,Trending,Medium,market,2026-05-04T12:21:04.762375+00:00,2026-05-04T12:21:04.762375+00:00,,open,,6.09460279,1.09260338,1.3416,1.46583669,3.298,3.1140357142857145,3.4948417857142857,3.665928571428571,False,0.4887,-0.03306226682832772
baseline,115,币安人生USDT,15m,Continuation,Bullish,Balanced,High,market,2026-05-04T13:06:54.883596+00:00,2026-05-04T13:06:54.883596+00:00,2026-05-04T14:28:20.115867+00:00,loss,Invalidation,-1.61925644,-1.0,0.4471,-0.4471,0.40819,0.40158035714285717,0.4147335464285714,0.42140928571428565,True,0.5019,-0.3433835343474863
baseline,117,LDOUSDT,15m,Continuation,Bullish,Ranging,Medium,market,2026-05-04T14:28:22.637884+00:00,2026-05-04T14:28:22.637884+00:00,2026-05-04T14:58:53.679471+00:00,win,Target 2,0.83942074,1.535,0.467,0.716845,0.3703,0.368275,0.37246675,0.37435,True,0.4776,-0.5436548232622921
baseline,118,ETHUSDT,24h,Continuation,Bullish,Trending,Low,market,2026-05-04T14:53:47.078709+00:00,2026-05-04T14:53:47.078709+00:00,,open,,-1.77282289,-0.37876949,1.1933,-0.45198564,2377.0,2265.745,2501.6056000000003,2599.51,False,0.4887,-0.18049551034570865
baseline,119,BTCUSDT,24h,Continuation,Bullish,Trending,Low,market,2026-05-04T15:03:58.953529+00:00,2026-05-04T15:03:58.953529+00:00,,open,,1.05964773,0.28152239,1.2107,0.34083915,80205.9,77186.95714285714,83587.116,86243.78571428571,False,0.4887,-0.6471898645424223
baseline,120,DASHUSDT,15m,Continuation,Bullish,Balanced,Low,market,2026-05-04T15:14:11.208738+00:00,2026-05-04T15:14:11.208738+00:00,2026-05-04T16:56:10.620700+00:00,win,Continuation Trail Stop,1.16563523,0.58994762,0.4306,0.25403144,47.34,46.40464285714286,48.387600000000006,49.21071428571429,True,0.4893,-0.6672311578055944
baseline,121,BZUSDT,4h,Continuation,Bullish,Trending,Low,market,2026-05-04T16:00:06.851487+00:00,2026-05-04T16:00:06.851487+00:00,2026-05-05T11:57:30.638358+00:00,loss,Fail-Fast Exit,-1.32479382,-0.71831464,1.215,-0.87275229,113.98,111.87785714285715,116.3344,118.1842857142857,True,0.377,0.7170101752237197
baseline,122,MEGAUSDT,4h,Continuation,Bullish,Trending,High,market,2026-05-04T16:00:08.146517+00:00,2026-05-04T16:00:08.146517+00:00,2026-05-05T11:57:30.638358+00:00,loss,Fail-Fast Exit,-3.70512427,-0.49988911,1.1482,-0.57397268,0.13036,0.12069785714285713,0.13992552142857145,0.14968428571428574,True,0.377,0.8866600563965407
baseline,123,ENAUSDT,15m,Continuation,Bullish,Balanced,High,market,2026-05-04T17:11:30.648881+00:00,2026-05-04T17:11:30.648881+00:00,2026-05-04T19:13:41.652757+00:00,loss,Stale Exit,-0.11679969,-0.11666667,0.4144,-0.04834667,0.10274,0.10171142857142856,0.10375828571428572,0.10479714285714287,True,0.5006,-0.1419577453366552
baseline,125,HYPEUSDT,24h,Continuation,Bullish,Trending,Low,market,2026-05-04T22:06:55.752615+00:00,2026-05-04T22:06:55.752615+00:00,,open,,1.2998022,0.22036871,0.4414,0.09727075,42.468,39.96310714285715,45.273480000000006,47.477785714285716,False,0.4887,0.22183489635666168
baseline,126,XMRUSDT,24h,Continuation,Bullish,Trending,Low,market,2026-05-04T23:23:25.654678+00:00,2026-05-04T23:23:25.654678+00:00,,open,,3.1510681,0.45490977,1.2063,0.54875765,403.99,376.00642857142856,435.33160000000004,459.9571428571429,False,0.4887,-0.020216660465125214
baseline,127,ZECUSDT,4h,Continuation,Bullish,Trending,Low,market,2026-05-05T00:04:12.090067+00:00,2026-05-05T00:04:12.090067+00:00,2026-05-05T23:56:05.661486+00:00,win,Target 2,6.73494716,1.56,0.5025,0.7839,423.01,404.7475,443.464,459.53499999999997,True,0.415,0.3380646211948966
baseline,128,TIAUSDT,4h,Continuation,Bullish,Trending,High,market,2026-05-05T04:03:42.775901+00:00,2026-05-05T04:03:42.775901+00:00,2026-05-06T15:59:43.873392+00:00,win,Partial TP1,1.88898275,0.495,1.2825,0.6348375,0.3678,0.3537642857142857,0.3816953571428572,0.39587142857142865,True,0.415,0.6783285433633153
baseline,129,WLFIUSDT,15m,Continuation,Bullish,Balanced,High,market,2026-05-05T04:08:46.288863+00:00,2026-05-05T04:08:46.288863+00:00,2026-05-05T05:14:54.600483+00:00,loss,Invalidation,-0.92364532,-1.0,1.2538,-1.2538,0.0638,0.06321071428571429,0.06438339285714284,0.06497857142857141,True,0.5042,0.12017222692524959
baseline,130,WLFIUSDT,15m,Continuation,Bullish,Ranging,High,market,2026-05-05T06:05:52.604812+00:00,2026-05-05T06:05:52.604812+00:00,2026-05-05T08:13:15.503350+00:00,win,Continuation Trail Stop,0.37031611,0.54036046,0.6222,0.33621228,0.0641,0.06366071428571429,0.06453489285714285,0.06497857142857143,True,0.4774,0.12017222692524959
baseline,131,ENAUSDT,4h,Continuation,Bullish,Trending,High,market,2026-05-05T12:02:37.616545+00:00,2026-05-05T12:02:37.616545+00:00,2026-05-06T11:55:01.116463+00:00,win,Target 2,6.16775246,1.495,0.5837,0.8726315,0.10679,0.10238428571428572,0.11115165714285713,0.11560142857142855,True,0.415,0.3702418911617609
baseline,132,OPUSDT,4h,Continuation,Bullish,Trending,High,market,2026-05-05T12:02:39.574411+00:00,2026-05-05T12:02:39.574411+00:00,2026-05-06T19:59:28.691762+00:00,win,Target 2,5.21137392,1.495,0.588,0.87906,0.1294,0.1248892857142857,0.13386560714285714,0.13842142857142856,True,0.415,0.4070473033524394
baseline,133,TONUSDT,4h,Continuation,Bullish,Trending,High,market,2026-05-05T12:02:40.231408+00:00,2026-05-05T12:02:40.231408+00:00,2026-05-06T03:55:43.155623+00:00,win,Target 2,8.23530776,1.495,0.6218,0.929591,1.8326,1.73165,1.9325405,2.0345000000000004,True,0.415,0.14532848045548163
baseline,134,NEIROUSDT,4h,Continuation,Bullish,Trending,High,market,2026-05-05T12:02:41.237365+00:00,2026-05-05T12:02:41.237365+00:00,2026-05-06T07:55:13.090955+00:00,loss,Fail-Fast Exit,-5.9166991,-0.97754809,1.2825,-1.25370543,0.00010276,9.654035714285714e-05,0.00010891744642857142,0.00011519928571428572,True,0.415,0.8994553315988644
baseline,135,1000PEPEUSDT,15m,Continuation,Bullish,Ranging,High,market,2026-05-05T12:28:10.950345+00:00,2026-05-05T12:28:10.950345+00:00,2026-05-05T13:59:50.902221+00:00,win,Target 2,0.67830102,1.495,1.2552,1.876524,0.0040877,0.004069153571428571,0.004106060964285714,0.004124792857142857,True,0.4742,0.09732088448463323
baseline,137,TRUMPUSDT,1h,Continuation,Bullish,Balanced,Medium,market,2026-05-05T15:01:01.968686+00:00,2026-05-05T15:01:01.968686+00:00,2026-05-05T16:58:21.287903+00:00,loss,Invalidation,-1.40102982,-1.0,0.6567,-0.6567,2.386,2.3525714285714288,2.4217685714285713,2.452857142857143,False,0.4622,0.5737915794230097
baseline,138,FARTCOINUSDT,4h,Continuation,Bullish,Trending,High,market,2026-05-05T16:02:13.082801+00:00,2026-05-05T16:02:13.082801+00:00,2026-05-06T11:55:01.116463+00:00,win,Target 2,6.25720072,1.495,1.2825,1.9173375,0.2222,0.2129,0.231407,0.24080000000000001,True,0.3766,0.5920492293176116
baseline,139,MONUSDT,4h,Continuation,Bullish,Trending,High,market,2026-05-05T16:02:15.127579+00:00,2026-05-05T16:02:15.127579+00:00,2026-05-07T03:59:59.999000+00:00,win,Partial TP1,2.18253968,0.495,1.2825,0.6348375,0.03159,0.030197142857142856,0.03296892857142857,0.03437571428571429,True,0.3766,0.684432251809133
baseline,140,APTUSDT,15m,Continuation,Bullish,Ranging,Medium,market,2026-05-05T18:14:45.856191+00:00,2026-05-05T18:14:45.856191+00:00,2026-05-05T18:25:00.610686+00:00,loss,Invalidation,-0.49882329,-1.0,0.4563,-0.4563,0.9773,0.972425,0.9825162499999999,0.9870499999999999,True,0.4803,-0.6178563034783959
baseline,141,TSTUSDT,15m,Continuation,Bullish,Balanced,High,market,2026-05-05T19:15:53.330113+00:00,2026-05-05T19:15:53.330113+00:00,2026-05-05T20:11:49.871771+00:00,win,Partial TP1,0.79935873,0.495,0.4207,0.2082465,0.020601,0.02026832142857143,0.020930351785714285,0.021266357142857142,True,0.4387,0.39909124248098876
baseline,142,ICPUSDT,4h,Continuation,Bullish,Trending,Medium,market,2026-05-05T20:01:42.287320+00:00,2026-05-05T20:01:42.287320+00:00,2026-05-05T23:56:05.661486+00:00,win,Target 2,4.9275786,1.535,1.3412,2.058742,2.59,2.5068571428571427,2.678962857142857,2.7562857142857142,True,0.3766,0.41052022425143747
baseline,143,HBARUSDT,4h,Continuation,Bullish,Balanced,High,market,2026-05-05T20:01:42.496464+00:00,2026-05-05T20:01:42.496464+00:00,2026-05-07T03:59:59.999000+00:00,win,Partial TP1,0.82758253,0.495,1.2612,0.624294,0.09036,0.08884928571428571,0.09185560714285713,0.09338142857142856,True,0.3766,0.4720661940762252
baseline,144,1000PEPEUSDT,24h,Continuation,Bullish,Trending,High,market,2026-05-05T21:18:05.742088+00:00,2026-05-05T21:18:05.742088+00:00,,open,,1.01082174,0.15821102,1.0835,0.17142164,0.0042045,0.003935871428571429,0.004483873714285714,0.004741757142857142,False,0.5683,0.22377614359791934
baseline,145,ALGOUSDT,24h,Continuation,Bullish,Trending,High,market,2026-05-05T21:18:07.304378+00:00,2026-05-05T21:18:07.304378+00:00,2026-05-07T12:15:51.288449+00:00,win,Partial TP1,4.11335404,0.52,0.5186,0.269672,0.1196,0.11013928571428572,0.12943914285714286,0.13852142857142857,False,0.5683,0.05952799007053988
baseline,147,ZENUSDT,4h,Continuation,Bullish,Trending,Medium,market,2026-05-06T00:01:13.131488+00:00,2026-05-06T00:01:13.131488+00:00,2026-05-07T03:59:59.999000+00:00,loss,Stale Exit,-6.10093556,-0.91709111,1.35,-1.23807301,7.589,7.084142857142858,8.129197142857143,8.598714285714285,True,0.4105,0.644675730258032
baseline,148,PUMPUSDT,4h,Continuation,Bullish,Trending,High,market,2026-05-06T00:01:14.387127+00:00,2026-05-06T00:01:14.387127+00:00,2026-05-06T11:55:01.116463+00:00,win,Target 2,4.06062182,1.495,1.2651,1.8913245,0.001854,0.0018036428571428572,0.0019038535714285714,0.0019547142857142853,True,0.4105,0.3816719441850282
baseline,149,NFPUSDT,15m,Continuation,Bullish,Balanced,High,market,2026-05-06T01:43:12.476922+00:00,2026-05-06T01:43:12.476922+00:00,2026-05-06T02:59:36.847588+00:00,win,Partial TP1,0.43168605,0.495,0.627,0.310365,0.0129,0.0127875,0.013011375,0.013125,True,0.4349,0.5221225721451046
baseline,150,WIFUSDT,15m,Continuation,Bullish,Balanced,High,market,2026-05-06T03:25:06.402779+00:00,2026-05-06T03:25:06.402779+00:00,2026-05-06T03:40:28.330266+00:00,win,Partial TP1,0.76623837,0.495,1.2038,0.595881,0.2118,0.20852142857142858,0.21504578571428568,0.2183571428571428,True,0.4612,0.2620021160216756
baseline,151,AVAXUSDT,4h,Continuation,Bullish,Balanced,Low,market,2026-05-06T04:00:49.298585+00:00,2026-05-06T04:00:49.298585+00:00,,open,,0.64799331,0.26802532,1.2071,0.32353336,9.568,9.336678571428571,9.827079999999999,10.030642857142857,True,0.4458,0.48022641930184995
baseline,152,WLDUSDT,4h,Continuation,Bullish,Trending,High,market,2026-05-06T04:00:50.505174+00:00,2026-05-06T04:00:50.505174+00:00,2026-05-06T15:59:43.873392+00:00,win,Partial TP1,1.48441211,0.495,1.2825,0.6348375,0.2526,0.245025,0.26009925,0.26775,True,0.4458,0.46393369377016713
baseline,153,ASTERUSDT,4h,Continuation,Bullish,Balanced,High,market,2026-05-06T04:00:50.667514+00:00,2026-05-06T04:00:50.667514+00:00,2026-05-06T23:59:59.999000+00:00,loss,Invalidation,-1.73108142,-1.0,1.2627,-1.2627,0.6864,0.6745178571428572,0.6981633214285714,0.7101642857142857,True,0.4458,0.31713659509030895
baseline,154,RIVERUSDT,4h,Continuation,Bearish,Trending,Medium,market,2026-05-06T04:00:52.824130+00:00,2026-05-06T04:00:52.824130+00:00,2026-05-06T19:59:28.691762+00:00,loss,Invalidation,-3.78376734,-1.0,1.35,-1.35,5.87,6.092107142857143,5.632345357142857,5.4257857142857135,True,0.4458,-0.26087610172912057
baseline,156,ZECUSDT,4h,Continuation,Bullish,Trending,Low,market,2026-05-06T08:00:19.124999+00:00,2026-05-06T08:00:19.124999+00:00,2026-05-06T19:59:28.691762+00:00,loss,Invalidation,-5.83868788,-1.0,1.215,-1.215,587.84,553.5178571428572,626.2808,656.4842857142856,True,0.4728,0.6812234604089772
baseline,157,1000BONKUSDT,4h,Continuation,Bullish,Trending,High,market,2026-05-06T08:00:22.311472+00:00,2026-05-06T08:00:22.311472+00:00,,open,,1.48905109,0.44033302,1.2825,0.5647271,0.00685,0.006618357142857143,0.007079326428571429,0.007313285714285715,True,0.4728,0.9238026010103486
baseline,158,VIRTUALUSDT,24h,Continuation,Bullish,Trending,High,market,2026-05-06T08:46:17.560009+00:00,2026-05-06T08:46:17.560009+00:00,2026-05-07T12:15:51.288449+00:00,win,Target 2,11.85435904,1.52,0.5111,0.776872,0.8416,0.7759642857142857,0.9098611428571429,0.9728714285714287,False,0.6502,0.5320287977927686
baseline,160,SOLUSDT,24h,Continuation,Bullish,Trending,Low,market,2026-05-06T12:00:06.443699+00:00,2026-05-06T12:00:06.443699+00:00,2026-05-06T23:59:04.191693+00:00,loss,Invalidation,-4.10133889,-1.0,0.9707,-0.9707,89.84,86.15535714285714,94.15103214285715,97.20928571428573,False,0.6758,0.010364265362881122
baseline,161,1000SHIBUSDT,4h,Continuation,Bullish,Balanced,High,market,2026-05-06T12:00:09.040967+00:00,2026-05-06T12:00:09.040967+00:00,2026-05-06T15:59:43.873392+00:00,loss,Invalidation,-1.93770751,-1.0,1.2825,-1.2825,0.006497,0.006371107142857144,0.006627928571428571,0.006748785714285713,True,0.5679,0.5548338081276725
baseline,162,APTUSDT,4h,Continuation,Bullish,Trending,High,market,2026-05-06T12:00:09.892038+00:00,2026-05-06T12:00:09.892038+00:00,2026-05-07T03:59:59.999000+00:00,loss,Invalidation,-3.52339322,-1.0,0.6412,-0.6412,1.0409,1.004225,1.079042,1.11425,True,0.5679,0.48419526486691
baseline,163,ICPUSDT,4h,Continuation,Bullish,Trending,Medium,market,2026-05-06T12:00:11.395164+00:00,2026-05-06T12:00:11.395164+00:00,2026-05-06T23:59:59.999000+00:00,win,Target 2,7.01834862,1.56,1.35,2.106,2.834,2.7065,2.9768,3.089,True,0.5679,0.7794954134930117
baseline,164,BNBUSDT,24h,Continuation,Bullish,Trending,Low,market,2026-05-06T14:38:17.818248+00:00,2026-05-06T14:38:17.818248+00:00,,open,,0.24212328,0.07689213,0.9814,0.07546194,648.43,628.0117857142857,672.3193107142856,689.2664285714285,False,0.6934,-0.07895873317926372
baseline,165,ONDOUSDT,24h,Continuation,Bullish,Trending,High,market,2026-05-06T15:19:03.220788+00:00,2026-05-06T15:19:03.220788+00:00,2026-05-07T12:15:51.288449+00:00,win,Partial TP1,3.8847427,0.52,1.2825,0.6669,0.3323,0.307475,0.358118,0.38194999999999996,False,0.6934,0.08365007763659248
baseline,166,ARBUSDT,15m,Continuation,Bullish,Balanced,High,market,2026-05-06T15:29:14.187207+00:00,2026-05-06T15:29:14.187207+00:00,2026-05-06T15:44:28.944412+00:00,loss,Invalidation,-0.88925981,-1.0,0.4372,-0.4372,0.1241,0.12299642857142858,0.1251925357142857,0.12630714285714284,True,0.4939,0.4073255961246401
baseline,167,PNUTUSDT,15m,Continuation,Bullish,Balanced,High,market,2026-05-06T16:10:00.183413+00:00,2026-05-06T16:10:00.183413+00:00,2026-05-06T16:40:46.988744+00:00,loss,Invalidation,-1.28365219,-1.0,0.4565,-0.4565,0.06235,0.06154964285714286,0.06314235357142857,0.06395071428571429,True,0.4939,-0.5925143051878653
baseline,168,FARTCOINUSDT,15m,Continuation,Bullish,Balanced,High,market,2026-05-06T16:45:54.302257+00:00,2026-05-06T16:45:54.302257+00:00,2026-05-06T17:26:35.850999+00:00,loss,Invalidation,-1.49262267,-1.0,0.4308,-0.4308,0.2498,0.24607142857142855,0.2534912857142857,0.25725714285714285,True,0.4921,0.17759917209889164
baseline,169,FILUSDT,15m,Continuation,Bullish,Balanced,Medium,market,2026-05-06T16:50:59.218209+00:00,2026-05-06T16:50:59.218209+00:00,2026-05-06T17:26:35.850999+00:00,loss,Invalidation,-1.26984127,-1.0,0.4401,-0.4401,1.08,1.0662857142857143,1.094674285714286,1.1074285714285717,True,0.4921,-0.4387577350896219
baseline,170,SAHARAUSDT,4h,Continuation,Bullish,Trending,High,market,2026-05-06T20:04:47.555506+00:00,2026-05-06T20:04:47.555506+00:00,2026-05-07T03:10:29.000794+00:00,loss,Invalidation,-2.90751793,-1.0,1.281,-1.281,0.02609,0.02533142857142857,0.02684098571428571,0.027607142857142854,True,0.5362,0.8489210846626029
baseline,171,NEIROUSDT,15m,Continuation,Bullish,Balanced,High,market,2026-05-06T20:14:59.447470+00:00,2026-05-06T20:14:59.447470+00:00,2026-05-06T20:40:23.712203+00:00,loss,Invalidation,-0.77075702,-1.0,0.5733,-0.5733,9.828e-05,9.75225e-05,9.902992500000001e-05,9.9795e-05,True,0.4374,-0.5368053206088257
baseline,173,ARBUSDT,4h,Continuation,Bullish,Trending,High,market,2026-05-07T01:56:05.691199+00:00,2026-05-07T01:56:05.691199+00:00,2026-05-07T03:59:59.999000+00:00,loss,Invalidation,-3.04212168,-1.0,1.2825,-1.2825,0.1282,0.12430000000000001,0.132061,0.136,False,0.0,0.4446198757473671
baseline,174,SOONUSDT,4h,Continuation,Bullish,Trending,High,market,2026-05-07T02:02:38.242231+00:00,2026-05-07T02:02:38.242231+00:00,2026-05-07T03:59:59.999000+00:00,loss,Invalidation,-3.32076682,-1.0,1.2521,-1.2521,0.1781,0.1721857142857143,0.18395514285714284,0.18992857142857142,False,0.0,0.4550466005458869
baseline,176,ARUSDT,15m,Continuation,Bullish,Trending,Medium,market,2026-05-07T02:04:03.449750+00:00,2026-05-07T02:04:03.449750+00:00,2026-05-07T02:44:59.999000+00:00,loss,Invalidation,-3.06181478,-1.0,0.4482,-0.4482,2.593,2.513607142857143,2.677950357142857,2.751785714285714,True,0.4061,0.0
baseline,177,IOUSDT,15m,Continuation,Bullish,Trending,High,market,2026-05-07T02:23:03.260165+00:00,2026-05-07T02:23:03.260165+00:00,2026-05-07T02:44:59.999000+00:00,win,Partial TP1,1.3938195,0.495,1.094,0.54153,0.1503,0.14606785714285714,0.1544898214285714,0.1587642857142857,True,0.4061,-0.32365938545343503
baseline,178,TONUSDT,15m,Continuation,Bullish,Balanced,Medium,market,2026-05-07T02:28:08.059951+00:00,2026-05-07T02:28:08.059951+00:00,2026-05-07T03:10:29.000794+00:00,win,Target 2,3.68368786,1.535,1.2969,1.9907415,2.5712,2.5094964285714285,2.637222821428572,2.6946071428571434,True,0.4061,-0.08803859944698135
baseline,179,FILUSDT,15m,Continuation,Bullish,Balanced,Medium,market,2026-05-07T03:15:34.747049+00:00,2026-05-07T03:15:34.747049+00:00,2026-05-07T04:11:35.608032+00:00,loss,Invalidation,-1.80699227,-1.0,0.4638,-0.4638,1.091,1.0712857142857142,1.1120942857142857,1.1304285714285716,True,0.4465,-0.2645235745450523
baseline,180,STXUSDT,4h,Continuation,Bullish,Trending,High,market,2026-05-07T03:15:55.162790+00:00,2026-05-07T03:15:55.162790+00:00,,open,,2.50596659,0.35701275,1.274,0.45483424,0.2514,0.23375357142857145,0.2697522857142857,0.28669285714285714,True,0.5417,0.6107899398886961
baseline,181,FARTCOINUSDT,15m,Continuation,Bullish,Balanced,High,market,2026-05-07T04:16:41.986961+00:00,2026-05-07T04:16:41.986961+00:00,2026-05-07T04:26:50.865951+00:00,win,Partial TP1,0.4596001,0.495,0.9091,0.4500045,0.2481,0.24579642857142855,0.2503805357142857,0.25270714285714285,True,0.43,-0.33166615639304564
baseline,182,ENAUSDT,15m,Continuation,Bullish,Balanced,High,market,2026-05-07T05:02:27.906996+00:00,2026-05-07T05:02:27.906996+00:00,2026-05-07T06:57:26.640665+00:00,win,Target 2,1.72986345,1.495,0.4463,0.6672185,0.11806,0.11669392857142857,0.11941241071428571,0.12079214285714285,True,0.4717,-0.33147375514245453
baseline,183,1000SHIBUSDT,15m,Continuation,Bullish,Ranging,High,market,2026-05-07T05:02:29.131513+00:00,2026-05-07T05:02:29.131513+00:00,2026-05-07T06:13:41.040916+00:00,loss,Invalidation,-0.48133219,-1.0,0.8934,-0.8934,0.006344,0.006313464285714285,0.006374230357142858,0.006405071428571429,True,0.4717,0.13737590870745536
baseline,184,RIVERUSDT,4h,Continuation,Bullish,Trending,Medium,market,2026-05-07T08:03:48.663610+00:00,2026-05-07T08:03:48.663610+00:00,,open,,0.94292804,0.19776952,1.3472,0.26643509,6.045,5.756785714285714,6.353389285714286,6.621428571428572,True,0.5281,0.5177457510131839
baseline,185,NOTUSDT,15m,Continuation,Bullish,Trending,High,market,2026-05-07T09:17:18.138884+00:00,2026-05-07T09:17:18.138884+00:00,2026-05-07T09:42:42.035391+00:00,loss,Invalidation,-3.2977983,-1.0,1.0652,-1.0652,0.0006774,0.0006550607142857143,0.0006995158928571428,0.0007220785714285714,True,0.488,0.4276716763949757
baseline,186,WIFUSDT,15m,Continuation,Bullish,Ranging,High,market,2026-05-07T10:13:15.680586+00:00,2026-05-07T10:13:15.680586+00:00,2026-05-07T10:28:32.009538+00:00,loss,Invalidation,-0.63988095,-1.0,0.9031,-0.9031,0.216,0.21461785714285714,0.21736832142857143,0.21876428571428572,True,0.4797,-0.06345303663152942
baseline,187,XAGUSDT,24h,Continuation,Bullish,Trending,Low,market,2026-05-07T10:48:53.849876+00:00,2026-05-07T10:48:53.849876+00:00,,open,,1.14257327,0.24505327,1.1744,0.28779056,80.52,76.76571428571428,85.10022857142857,88.02857142857142,False,0.7296,-0.18993290798367055
