Strategy,EntryTimestamp,ExitTimestamp,Symbol,Timeframe,Setup,Regime,Volatility,Bias,Confidence,PnL_Pct,R_Multiple,Result,EMA30,EMA100,EntryPrice,FlowAlignment,VolumeZ15m,OIZ15m
v2_balanced_current,2026-04-10T07:59:59.999000+00:00,2026-04-10T11:59:59.999000+00:00,DASHUSDT,4h,Continuation,Trending,Low,Bullish,0.8704,3.1816,0.56,win,32.895648,31.39706,39.32,0.9353,0.0,0.0
v2_balanced_current,2026-04-21T11:59:59.999000+00:00,2026-04-22T19:59:59.999000+00:00,DASHUSDT,4h,Continuation,Trending,Low,Bullish,0.8573,3.2627,0.7906,win,36.599695,36.045324,35.43,0.9173,-0.6886,-0.0322
v2_balanced_current,2026-04-24T11:59:59.999000+00:00,2026-04-25T03:59:59.999000+00:00,DASHUSDT,4h,Continuation,Trending,Low,Bullish,0.8648,-2.3611,-0.5804,loss,36.192784,36.032305,37.27,0.8503,0.8192,1.488
v2_balanced_current,2026-04-22T10:12:54.710473+00:00,2026-04-22T10:29:59.999000+00:00,METUSDT,15m,Continuation,Balanced,High,Bullish,0.8382,-2.1523,-1.0,loss,0.187916,0.174059,0.194272,0.8096,0.7337,1.2857
v2_balanced_current,2026-04-28T13:29:32.842533+00:00,2026-04-28T14:25:44.925210+00:00,MINAUSDT,15m,Continuation,Ranging,High,Bullish,0.8294,-0.3928,-1.0,loss,0.061597,0.062037,0.06164,0.7595,1.0553,0.892
v2_balanced_current,2026-04-16T23:59:32.515981+00:00,2026-04-19T23:56:56.396337+00:00,DOGEUSDT,24h,Continuation,Trending,High,Bullish,0.9075,-5.5915,-1.0,loss,0.093084,0.092588,0.099212,1.0,-0.3788,0.004
v2_balanced_current,2026-04-22T07:55:28.153997+00:00,2026-04-22T23:59:59.999000+00:00,DOGEUSDT,4h,Continuation,Balanced,High,Bullish,0.8873,-1.8613,-1.0,loss,0.095363,0.094133,0.09744,0.9544,3.1304,-0.5452
v2_balanced_current,2026-04-29T00:27:29.677948+00:00,2026-04-29T01:28:34.589042+00:00,DOGEUSDT,15m,Continuation,Ranging,High,Bullish,0.8365,-0.0602,-0.1682,loss,0.099409,0.099178,0.09963,0.7977,1.7886,0.7166
v2_balanced_current,2026-04-07T21:55:27.286382+00:00,2026-04-07T22:56:45.005958+00:00,DOTUSDT,1h,Continuation,Trending,Medium,Bullish,0.8831,2.0262,1.535,win,1.232105,1.233436,1.2704,0.9172,3.1262,-5.8777
v2_balanced_current,2026-04-23T19:59:44.649532+00:00,2026-04-24T11:59:47.962794+00:00,DOTUSDT,4h,Continuation,Balanced,Medium,Bearish,0.4692,-1.3915,-0.5961,loss,1.269353,1.26017,1.237777,0.9048,-0.232,1.4545
v2_balanced_current,2026-04-22T15:59:44.830524+00:00,2026-04-22T19:58:52.579286+00:00,STRKUSDT,4h,Continuation,Trending,High,Bullish,0.8558,2.4842,0.495,win,0.036902,0.036557,0.04149,0.9268,1.2401,-0.5751
v2_balanced_current,2026-04-14T11:59:41.857830+00:00,2026-04-14T15:59:13.419632+00:00,MONUSDT,4h,Continuation,Trending,High,Bullish,0.8822,-5.2879,-1.0,loss,0.033827,0.030436,0.037232,0.853,1.1829,0.256
v2_balanced_current,2026-04-13T23:56:29.181229+00:00,2026-04-14T15:59:13.419632+00:00,SUIUSDT,4h,Continuation,Trending,High,Bullish,0.8626,-1.6447,-0.6069,loss,0.919562,0.898402,0.9594,0.9634,-0.0986,-0.2908
v2_balanced_current,2026-04-16T03:59:07.940381+00:00,2026-04-16T19:59:21.500080+00:00,SUIUSDT,4h,Continuation,Balanced,High,Bullish,0.871,1.2471,0.495,win,0.936066,0.90945,0.9736,0.8788,3.837,-1.3693
v2_balanced_current,2026-04-22T03:59:59.999000+00:00,2026-04-22T07:59:59.999000+00:00,1000LUNCUSDT,4h,Continuation,Trending,High,Bullish,0.824,1.6194,0.495,win,0.042887,0.042371,0.04524,0.7209,0.0,0.0
v2_balanced_current,2026-04-23T19:59:59.999000+00:00,2026-04-23T23:59:59.999000+00:00,1000LUNCUSDT,4h,Continuation,Trending,High,Bullish,0.8658,6.6856,1.545,win,0.044101,0.042917,0.0464,0.9043,4.1899,1.424
v2_balanced_current,2026-04-18T16:42:30.217195+00:00,2026-04-18T17:43:33.578644+00:00,SUSHIUSDT,15m,Continuation,Ranging,Medium,Bearish,0.8366,-0.2116,-0.4529,loss,0.216608,0.217731,0.2148,0.6652,-0.5683,0.5981
v2_balanced_current,2026-04-25T23:12:16.377462+00:00,2026-04-26T00:13:23.805582+00:00,MOVRUSDT,15m,Continuation,Balanced,Medium,Bullish,0.8685,-2.0372,-1.0,loss,2.436962,2.366288,2.514,0.655,-0.4494,1.0362
v2_balanced_current,2026-04-14T07:55:20.338849+00:00,2026-04-14T15:59:13.419632+00:00,MSTRUSDT,4h,Continuation,Balanced,Low,Bullish,0.8724,3.4002,1.56,win,129.185724,127.207472,135.683442,0.9701,4.9491,-0.1942
v2_balanced_current,2026-04-22T02:57:37.826873+00:00,2026-04-22T10:59:59.999000+00:00,1000SHIBUSDT,1h,Continuation,Balanced,High,Bullish,0.8894,0.5114,0.495,win,0.006057,0.006029,0.006186,1.0,4.0904,0.7063
v2_balanced_current,2026-04-24T09:40:43.464314+00:00,2026-04-24T10:57:02.690677+00:00,TACUSDT,15m,Continuation,Balanced,High,Bullish,0.8407,-0.1253,-0.053,loss,0.008783,0.00872,0.008779,0.6812,0.0,1.6925
v2_balanced_current,2026-04-29T08:29:27.058746+00:00,2026-04-30T01:59:59.999000+00:00,TACUSDT,15m,Continuation,Balanced,High,Bullish,0.8275,3.2523,1.495,win,0.013784,0.012595,0.014145,0.6384,-0.2352,0.7689
v2_balanced_current,2026-04-11T21:56:14.669046+00:00,2026-04-11T23:58:48.644865+00:00,1000PEPEUSDT,1h,Continuation,Balanced,High,Bullish,0.8323,-1.6735,-1.0,loss,0.003616,0.003552,0.003739,0.9151,4.1513,0.0809
v2_balanced_current,2026-04-15T22:43:12.392554+00:00,2026-04-15T23:13:45.464519+00:00,1000PEPEUSDT,15m,Continuation,Balanced,High,Bullish,0.8574,-0.8251,-1.0,loss,0.003708,0.003654,0.003755,0.8107,0.674,1.2611
v2_balanced_current,2026-04-26T11:55:37.716802+00:00,2026-04-26T23:59:59.999000+00:00,1000PEPEUSDT,4h,Continuation,Balanced,High,Bullish,0.9061,-2.0948,-1.0,loss,0.003835,0.003713,0.003942,1.0,-0.6834,1.9105
v2_balanced_current,2026-04-27T03:57:34.172163+00:00,2026-04-27T07:56:49.299071+00:00,1000PEPEUSDT,4h,Continuation,Trending,High,Bullish,0.9017,-2.2772,-1.0,loss,0.003858,0.00373,0.004005,0.9955,0.0209,1.2173
v2_balanced_current,2026-04-10T09:13:56.356313+00:00,2026-04-10T10:10:11.887644+00:00,ENAUSDT,15m,Continuation,Balanced,High,Bullish,0.853,-1.1334,-1.0,loss,0.095527,0.092532,0.097007,0.6291,-0.4322,0.2439
v2_balanced_current,2026-04-18T05:56:01.813294+00:00,2026-04-18T06:41:49.955965+00:00,ENAUSDT,15m,Continuation,Ranging,High,Bullish,0.8413,0.3417,0.495,win,0.124507,0.120938,0.124808,0.8765,2.1673,1.58
v2_balanced_current,2026-04-22T01:25:53.604979+00:00,2026-04-22T02:11:41.132279+00:00,ENAUSDT,15m,Continuation,Ranging,High,Bearish,0.8041,-0.6524,-1.0,loss,0.111102,0.111899,0.110645,0.6478,0.1332,0.7535
v2_balanced_current,2026-04-26T00:59:12.278126+00:00,2026-04-26T01:29:43.538436+00:00,ENJUSDT,15m,Continuation,Balanced,High,Bullish,0.837,-0.9653,-1.0,loss,0.06331,0.062482,0.06471,0.6823,0.0909,2.1911
v2_balanced_current,2026-04-28T23:56:54.234221+00:00,2026-05-05T07:11:56.364927+00:00,TAOUSDT,24h,Continuation,Trending,Low,Bullish,0.8191,3.8186,0.56,win,270.469513,301.05645,258.25,0.7092,0.5705,0.1726
v2_balanced_current,2026-04-18T16:27:11.918682+00:00,2026-04-18T16:42:30.217195+00:00,THETAUSDT,15m,Continuation,Balanced,High,Bullish,0.8937,-1.3137,-1.0,loss,0.233761,0.226309,0.238392,0.8493,0.6132,0.7489
v2_balanced_current,2026-04-22T14:59:59.999000+00:00,2026-04-22T18:59:59.999000+00:00,1000FLOKIUSDT,1h,Continuation,Balanced,High,Bullish,0.8579,-0.7143,-0.3056,loss,0.032182,0.031597,0.0336,0.8754,0.0,0.0
v2_balanced_current,2026-04-23T05:14:59.999000+00:00,2026-04-23T06:44:59.999000+00:00,1000FLOKIUSDT,15m,Continuation,Balanced,High,Bullish,0.8191,1.4072,1.495,win,0.03228,0.032852,0.0321,0.703,0.398,0.7009
v2_balanced_current,2026-04-15T11:59:59.999000+00:00,2026-04-15T19:59:59.999000+00:00,TIAUSDT,4h,Continuation,Trending,High,Bullish,0.8897,1.6666,0.495,win,0.305236,0.304697,0.3195,0.9015,0.0,0.0
v2_balanced_current,2026-04-16T07:59:59.999000+00:00,2026-04-16T15:59:59.999000+00:00,TIAUSDT,4h,Continuation,Trending,High,Bullish,0.9019,5.3734,1.545,win,0.314036,0.307632,0.3515,0.9405,0.0,0.0
v2_balanced_current,2026-04-09T19:57:03.788087+00:00,2026-04-10T11:57:29.756927+00:00,1000BONKUSDT,4h,Continuation,Trending,High,Bullish,0.8596,-1.3292,-0.4057,loss,0.005757,0.005664,0.005928,0.9726,0.6379,1.0916
v2_balanced_current,2026-05-06T15:44:35.278112+00:00,2026-05-07T07:51:28.344925+00:00,1000BONKUSDT,24h,Continuation,Trending,High,Bullish,0.9104,2.5477,0.3371,open,0.006147,0.005932,0.006712,0.9889,0.1882,1.567
v2_balanced_current,2026-04-18T06:57:05.583463+00:00,2026-04-18T08:59:59.747783+00:00,NEARUSDT,1h,Continuation,Balanced,Medium,Bullish,0.85,-1.1645,-1.0,loss,1.410793,1.400888,1.417415,0.8774,2.8625,-0.1274
v2_balanced_current,2026-04-11T07:59:59.999000+00:00,2026-04-11T11:59:59.999000+00:00,TONUSDT,4h,Continuation,Trending,High,Bullish,0.8926,1.8577,0.495,win,1.263243,1.241911,1.3347,0.8877,0.0,0.0
v2_balanced_current,2026-04-17T04:14:29.481983+00:00,2026-04-17T05:27:16.868777+00:00,TONUSDT,15m,Continuation,Ranging,Medium,Bullish,0.824,-0.4991,-0.7699,loss,1.428025,1.417349,1.433755,0.6902,0.3476,2.7803
v2_balanced_current,2026-04-22T11:59:59.999000+00:00,2026-04-22T23:59:59.999000+00:00,ETCUSDT,4h,Continuation,Balanced,Low,Bullish,0.8614,-2.3116,-1.0,loss,8.476867,8.413788,8.714,0.8214,-0.6341,-0.7067
v2_balanced_current,2026-04-22T07:55:28.153997+00:00,2026-04-22T23:59:59.999000+00:00,ETHUSDT,4h,Continuation,Balanced,Low,Bullish,0.8868,-0.688,-0.3054,loss,2327.733282,2272.646837,2389.48,0.9545,-0.2822,2.633
v2_balanced_current,2026-04-08T07:57:26.669608+00:00,2026-04-09T03:56:41.689627+00:00,TRUMPUSDT,4h,Continuation,Trending,Medium,Bullish,0.7961,-3.8546,-1.0,loss,2.836789,2.811558,3.009,0.7257,0.262,1.2483
v2_balanced_current,2026-04-15T23:59:41.047592+00:00,2026-04-16T03:59:07.940381+00:00,TRUMPUSDT,4h,Continuation,Balanced,Medium,Bullish,0.9088,1.2937,0.535,win,2.834377,2.832439,2.934,1.0,2.6774,2.7578
v2_balanced_current,2026-04-15T11:55:50.955164+00:00,2026-04-15T14:59:16.573539+00:00,AAVEUSDT,1h,Continuation,Balanced,Low,Bullish,0.8909,2.1462,1.56,win,99.61582,96.632041,101.764941,0.9811,0.0457,2.3091
v2_balanced_current,2026-04-27T03:57:34.172163+00:00,2026-04-27T07:56:49.299071+00:00,AAVEUSDT,4h,Continuation,Trending,Low,Bullish,0.9297,-2.455,-1.0,loss,95.132192,95.395102,99.46,0.9633,0.0874,-0.1018
v2_balanced_current,2026-04-16T23:59:32.515981+00:00,2026-04-19T23:56:56.396337+00:00,ADAUSDT,24h,Continuation,Trending,High,Bullish,0.8661,-6.7717,-1.0,loss,0.249599,0.250244,0.259135,0.964,-0.6745,-1.9303
v2_balanced_current,2026-04-25T11:44:49.187391+00:00,2026-04-25T12:56:03.125912+00:00,ADAUSDT,15m,Continuation,Ranging,Medium,Bearish,0.8353,-0.0397,-0.1458,loss,0.252157,0.25116,0.2516,0.779,2.2837,0.5836
v2_balanced_current,2026-04-22T07:59:59.999000+00:00,2026-04-23T03:59:59.999000+00:00,AEROUSDT,4h,Continuation,Trending,High,Bullish,0.8893,2.2832,0.495,win,0.382968,0.379266,0.407,0.917,0.0,0.0
v2_balanced_current,2026-04-26T07:59:59.999000+00:00,2026-04-26T11:59:59.999000+00:00,AEROUSDT,4h,Continuation,Trending,High,Bullish,0.8551,1.796,0.545,win,0.419262,0.397634,0.4425,0.8469,-0.6161,-1.2898
v2_balanced_current,2026-04-26T12:44:59.999000+00:00,2026-04-26T13:44:59.999000+00:00,AEROUSDT,15m,Continuation,Balanced,High,Bullish,0.895,-0.5152,-0.2068,loss,0.451614,0.437378,0.4658,0.863,3.2733,2.0637
v2_balanced_current,2026-04-07T15:58:29.280560+00:00,2026-04-07T20:59:20.822197+00:00,FARTCOINUSDT,1h,Continuation,Balanced,High,Bullish,0.8148,3.6125,1.495,win,0.170263,0.169938,0.173727,0.7242,0.6815,0.3583
v2_balanced_current,2026-04-08T19:56:50.416214+00:00,2026-04-08T20:58:00.262628+00:00,FARTCOINUSDT,1h,Continuation,Balanced,High,Bullish,0.8782,4.0548,1.545,win,0.19542,0.181958,0.202239,0.7619,-0.6886,1.0075
v2_balanced_current,2026-04-16T07:58:55.102134+00:00,2026-04-16T19:59:21.500080+00:00,FARTCOINUSDT,4h,Continuation,Trending,High,Bullish,0.9071,3.1251,0.495,win,0.198102,0.185996,0.214647,0.9529,0.8007,-0.5163
v2_balanced_current,2026-04-27T03:57:34.172163+00:00,2026-04-27T07:56:49.299071+00:00,FARTCOINUSDT,4h,Continuation,Trending,High,Bullish,0.9004,-3.1431,-1.0,loss,0.201826,0.197022,0.2119,0.9347,1.3105,-1.851
v2_balanced_current,2026-04-20T23:57:39.152752+00:00,2026-04-21T02:55:44.912748+00:00,NOMUSDT,1h,Continuation,Balanced,High,Bullish,0.8235,1.0083,0.495,win,0.002828,0.003063,0.002856,0.7133,0.3909,-0.0571
v2_balanced_current,2026-04-21T07:56:00.174031+00:00,2026-04-21T19:59:42.988141+00:00,NOMUSDT,4h,Continuation,Trending,High,Bullish,0.8792,-5.2148,-1.0,loss,0.003133,0.004427,0.00298,0.9876,0.5386,-0.4842
v2_balanced_current,2026-04-29T17:44:59.999000+00:00,2026-04-29T18:29:59.999000+00:00,NOMUSDT,15m,Continuation,Trending,High,Bullish,0.8353,-3.0557,-1.0,loss,0.00305,0.00303,0.00304,0.6906,-2.1258,0.4357
v2_balanced_current,2026-04-29T19:29:59.999000+00:00,2026-04-29T23:14:59.999000+00:00,NOMUSDT,15m,Continuation,Trending,High,Bullish,0.8358,1.4135,0.495,win,0.003027,0.003025,0.003013,0.6621,-0.0564,1.6774
v2_balanced_current,2026-04-13T19:56:25.061984+00:00,2026-04-13T22:55:15.489680+00:00,FETUSDT,1h,Continuation,Balanced,High,Bullish,0.8508,0.7848,0.495,win,0.231932,0.235328,0.2336,0.8942,3.9165,0.1322
v2_balanced_current,2026-04-25T11:59:59.999000+00:00,2026-04-26T03:59:59.999000+00:00,TURTLEUSDT,4h,Continuation,Trending,High,Bullish,0.8595,-1.9032,-0.3663,loss,0.045639,0.044375,0.04834,0.794,0.0,0.0
v2_balanced_current,2026-04-27T11:59:59.999000+00:00,2026-04-27T15:59:59.999000+00:00,TURTLEUSDT,4h,Continuation,Trending,High,Bullish,0.875,2.5013,0.495,win,0.047555,0.045334,0.05269,0.9318,0.0,0.0
v2_balanced_current,2026-04-11T23:59:59.999000+00:00,2026-04-12T07:59:59.999000+00:00,FIGHTUSDT,4h,Continuation,Trending,High,Bullish,0.8518,-7.6762,-1.0,loss,0.003085,0.003106,0.003375,0.8369,0.0,0.0
v2_balanced_current,2026-04-16T23:59:32.515981+00:00,2026-04-17T07:57:07.469023+00:00,FIGHTUSDT,4h,Continuation,Trending,High,Bullish,0.8729,3.3913,0.495,win,0.003916,0.003518,0.004254,1.0,1.7714,1.97
v2_balanced_current,2026-04-16T03:59:07.940381+00:00,2026-04-16T07:58:55.102134+00:00,FILUSDT,4h,Continuation,Trending,High,Bullish,0.9296,1.4004,0.495,win,0.89664,0.883061,0.944,1.0,4.0719,-2.1834
v2_balanced_current,2026-04-25T14:27:45.587486+00:00,2026-04-25T15:28:51.699736+00:00,ALGOUSDT,15m,Continuation,Balanced,High,Bullish,0.8631,-0.2582,-0.2917,loss,0.114845,0.111984,0.1162,0.8553,1.0441,2.4609
v2_balanced_current,2026-04-26T14:55:47.294101+00:00,2026-04-26T15:57:38.304963+00:00,ALGOUSDT,15m,Continuation,Balanced,High,Bullish,0.862,-0.4602,-0.435,loss,0.118365,0.116575,0.1194,0.6637,0.1788,0.3718
v2_balanced_current,2026-04-26T11:59:59.999000+00:00,2026-04-27T07:56:49.299071+00:00,ONDOUSDT,4h,Continuation,Trending,High,Bullish,0.8921,-2.3392,-1.0,loss,0.261722,0.258685,0.2707,0.9523,-0.0454,-0.0311
v2_balanced_current,2026-04-16T07:58:55.102134+00:00,2026-04-16T15:59:03.950944+00:00,UNIUSDT,4h,Continuation,Balanced,Medium,Bullish,0.8655,3.1821,1.535,win,3.15488,3.109598,3.262,0.7426,0.437,0.561
v2_balanced_current,2026-04-22T07:55:28.153997+00:00,2026-04-22T23:59:59.999000+00:00,UNIUSDT,4h,Continuation,Trending,Medium,Bullish,0.8888,-2.1553,-0.7982,loss,3.285634,3.218155,3.387,0.9199,-0.6542,1.2658
v2_balanced_current,2026-04-15T23:59:41.047592+00:00,2026-04-16T15:59:59.999000+00:00,GALAUSDT,4h,Continuation,Trending,High,Bullish,0.8541,5.7167,1.495,win,0.002992,0.002931,0.003119,0.8183,-0.357,0.4082
v2_balanced_current,2026-04-24T11:59:47.962794+00:00,2026-04-24T23:57:14.414203+00:00,GALAUSDT,4h,Continuation,Trending,High,Bullish,0.8874,4.589,1.545,win,0.003221,0.003134,0.00328,1.0,-0.7033,-0.3977
v2_balanced_current,2026-04-25T03:56:27.323074+00:00,2026-04-25T11:55:01.240326+00:00,GALAUSDT,4h,Continuation,Trending,High,Bullish,0.9131,-3.5403,-1.0,loss,0.003291,0.003163,0.00369,1.0,1.3191,1.017
v2_balanced_current,2026-04-29T03:56:09.151296+00:00,2026-04-29T23:59:59.999000+00:00,GALAUSDT,4h,Continuation,Trending,High,Bullish,0.84,-3.3918,-1.0,loss,0.003343,0.003245,0.00338,0.7055,1.7198,-0.9577
v2_balanced_current,2026-04-27T04:58:39.847155+00:00,2026-04-27T05:29:12.826355+00:00,GENIUSUSDT,15m,Continuation,Ranging,Medium,Bullish,0.802,-0.6345,-1.0,loss,0.588739,0.584315,0.5944,0.7552,1.4072,0.4295
v2_balanced_current,2026-04-24T03:59:59.999000+00:00,2026-04-24T15:59:59.999000+00:00,VANAUSDT,4h,Continuation,Trending,Medium,Bullish,0.8903,1.5227,0.535,win,1.416587,1.410675,1.487,0.9091,0.0,0.0
v2_balanced_current,2026-04-12T15:44:18.439893+00:00,2026-04-12T16:25:07.002349+00:00,GIGGLEUSDT,15m,Continuation,Balanced,Low,Bullish,0.8403,-1.2856,-1.0,loss,29.194208,29.331837,29.43,0.7991,0.6747,0.4479
v2_balanced_current,2026-04-22T01:56:24.652471+00:00,2026-04-22T06:59:29.837717+00:00,GIGGLEUSDT,1h,Continuation,Trending,Low,Bullish,0.8835,-0.9207,-0.2134,loss,35.611961,35.632082,37.328938,0.711,2.0279,1.1558
v2_balanced_current,2026-04-21T23:59:59.999000+00:00,2026-04-22T03:59:59.999000+00:00,OPENUSDT,4h,Continuation,Trending,High,Bullish,0.8718,2.2936,0.495,win,0.217328,0.217053,0.2269,0.8097,0.0,0.0
v2_balanced_current,2026-04-28T23:26:20.649056+00:00,2026-04-28T23:41:39.904205+00:00,OPENUSDT,15m,Continuation,Balanced,High,Bullish,0.8383,0.4947,0.495,win,0.259004,0.257954,0.2616,0.8241,1.2571,2.1049
v2_balanced_current,2026-04-18T07:58:07.062011+00:00,2026-04-18T11:57:34.579849+00:00,GMTUSDT,4h,Continuation,Trending,High,Bullish,0.8464,-3.0854,-1.0,loss,0.011756,0.011726,0.01208,0.7127,1.2402,1.0877
v2_balanced_current,2026-04-15T15:59:59.999000+00:00,2026-04-15T19:59:59.999000+00:00,OPUSDT,4h,Continuation,Trending,High,Bullish,0.8593,2.0042,0.495,win,0.11235,0.113329,0.1167,0.894,0.0,0.0
v2_balanced_current,2026-04-22T07:59:59.999000+00:00,2026-04-22T23:59:59.999000+00:00,OPUSDT,4h,Continuation,Trending,High,Bullish,0.8466,-3.5911,-1.0,loss,0.123897,0.120101,0.1268,0.8187,0.5786,1.9378
v2_balanced_current,2026-05-07T07:17:07.122725+00:00,2026-05-07T07:55:45.200714+00:00,OPUSDT,24h,Continuation,Trending,High,Bullish,0.8801,0.0,0.0,open,0.12897,0.132301,0.1453,0.8829,-1.1832,0.0
v2_balanced_current,2026-04-28T08:55:56.588794+00:00,2026-04-28T09:57:09.555167+00:00,ORCAUSDT,15m,Continuation,Balanced,Medium,Bullish,0.877,-0.1935,-0.0755,loss,1.502628,1.461874,1.55,0.9053,1.3733,0.5547
v2_balanced_current,2026-04-13T23:59:59.999000+00:00,2026-04-14T19:58:38.393843+00:00,VIRTUALUSDT,4h,Continuation,Trending,High,Bullish,0.8825,-4.4101,-1.0,loss,0.661493,0.64625,0.6992,0.971,0.0,0.0
v2_balanced_current,2026-04-16T15:59:03.950944+00:00,2026-04-16T19:59:21.500080+00:00,VIRTUALUSDT,4h,Continuation,Trending,High,Bullish,0.8725,1.555,0.495,win,0.681039,0.657848,0.721615,0.9306,0.3444,-0.3651
v2_balanced_current,2026-04-27T03:57:34.172163+00:00,2026-04-27T07:56:49.299071+00:00,VIRTUALUSDT,4h,Continuation,Trending,High,Bullish,0.8825,-2.591,-1.0,loss,0.703696,0.68562,0.7314,0.8672,-0.3202,-1.1268
v2_balanced_current,2026-04-17T13:59:59.999000+00:00,2026-04-17T17:59:59.999000+00:00,API3USDT,1h,Continuation,Balanced,High,Bullish,0.8703,-0.2874,-0.1448,loss,0.305616,0.304694,0.3131,0.9111,-0.5848,-2.1894
v2_balanced_current,2026-04-11T07:57:49.609646+00:00,2026-04-11T08:13:22.186339+00:00,VVVUSDT,15m,Continuation,Balanced,Low,Bullish,0.8241,0.4561,0.56,win,7.857352,7.710446,7.999921,0.701,-0.6745,0.332
v2_balanced_current,2026-04-26T07:59:59.999000+00:00,2026-04-27T07:56:49.299071+00:00,VVVUSDT,4h,Continuation,Trending,Low,Bullish,0.9041,2.163,0.56,win,8.858351,8.436637,9.373,0.8834,-0.6745,-0.0849
v2_balanced_current,2026-04-13T15:59:59.999000+00:00,2026-04-13T23:59:59.999000+00:00,APTUSDT,4h,Continuation,Trending,High,Bullish,0.8673,1.5148,0.495,win,0.836682,0.835139,0.8487,0.9286,0.0,0.0
v2_balanced_current,2026-04-08T18:24:56.293476+00:00,2026-04-08T19:41:34.503104+00:00,ARBUSDT,15m,Continuation,Ranging,High,Bearish,0.8496,0.2547,0.495,win,0.101203,0.100414,0.100648,0.8212,1.0335,-0.0075
v2_balanced_current,2026-04-10T23:57:47.299843+00:00,2026-04-11T03:57:51.901254+00:00,ARBUSDT,4h,Continuation,Trending,High,Bullish,0.8721,2.0042,0.495,win,0.103116,0.097574,0.1163,0.7434,-0.2947,-0.7924
v2_balanced_current,2026-04-15T11:55:50.955164+00:00,2026-04-16T15:59:03.950944+00:00,ARBUSDT,4h,Continuation,Trending,High,Bullish,0.8027,4.2668,1.545,win,0.11054,0.103751,0.1134,0.7007,-0.2074,-1.0484
v2_balanced_current,2026-04-17T03:58:46.026191+00:00,2026-04-17T05:11:57.471025+00:00,ARBUSDT,15m,Continuation,Balanced,High,Bullish,0.8215,-0.3297,-0.4148,loss,0.1278,0.123986,0.1286,0.6673,0.0735,2.3191
v2_balanced_current,2026-05-07T06:58:16.349526+00:00,2026-05-07T07:56:32.609409+00:00,ARBUSDT,1h,Continuation,Trending,High,Bullish,0.8559,-0.3894,-0.1108,open,0.125526,0.126439,0.1284,0.9132,1.2996,2.3453
v2_balanced_current,2026-04-24T11:59:59.999000+00:00,2026-04-24T15:59:59.999000+00:00,WCTUSDT,4h,Continuation,Trending,High,Bullish,0.8341,1.4637,0.495,win,0.05961,0.059688,0.06091,0.7461,0.0,0.0
v2_balanced_current,2026-04-25T21:59:59.999000+00:00,2026-04-26T04:59:59.999000+00:00,WCTUSDT,1h,Continuation,Trending,High,Bullish,0.9,1.9939,0.5535,win,0.064206,0.06131,0.06847,0.9043,-0.5112,-0.28
v2_balanced_current,2026-04-13T16:44:59.999000+00:00,2026-04-13T17:44:59.999000+00:00,WETUSDT,15m,Continuation,Trending,High,Bullish,0.8592,-2.2042,-0.3855,loss,0.139056,0.124107,0.14926,0.8041,0.3501,0.7423
v2_balanced_current,2026-04-14T11:59:41.857830+00:00,2026-04-14T19:58:38.393843+00:00,PENGUUSDT,4h,Continuation,Trending,High,Bullish,0.9041,-3.6455,-1.0,loss,0.006692,0.006488,0.007106,1.0,0.836,-0.5731
v2_balanced_current,2026-04-15T19:55:08.967983+00:00,2026-04-16T19:59:21.500080+00:00,PENGUUSDT,4h,Continuation,Trending,High,Bullish,0.808,6.7498,1.495,win,0.006811,0.006559,0.007193,0.7312,1.0452,1.8895
v2_balanced_current,2026-04-17T10:07:06.784152+00:00,2026-04-19T11:58:47.324871+00:00,PENGUUSDT,4h,Continuation,Trending,High,Bullish,0.8575,-4.6538,-1.0,loss,0.007191,0.006743,0.007722,0.7203,0.0755,0.4782
v2_balanced_current,2026-04-21T11:55:16.329497+00:00,2026-04-21T19:59:42.988141+00:00,PENGUUSDT,4h,Continuation,Trending,High,Bullish,0.9018,-4.6467,-1.0,loss,0.007323,0.006889,0.007843,0.9663,-0.1343,0.352
v2_balanced_current,2026-04-26T11:55:37.716802+00:00,2026-04-26T19:59:59.999000+00:00,PENGUUSDT,4h,Continuation,Trending,High,Bullish,0.8971,-4.0542,-1.0,loss,0.008368,0.007596,0.008988,1.0,0.2391,-1.8601
v2_balanced_current,2026-04-07T14:26:43.978041+00:00,2026-04-07T15:12:35.328078+00:00,WIFUSDT,15m,Continuation,Balanced,High,Bullish,0.8562,-0.8042,-1.0,loss,0.178952,0.179174,0.179935,0.8775,0.9306,0.8916
v2_balanced_current,2026-04-09T19:57:03.788087+00:00,2026-04-10T11:57:29.756927+00:00,WIFUSDT,4h,Continuation,Trending,High,Bullish,0.8169,-2.0527,-0.5146,loss,0.187646,0.181695,0.199291,0.7602,0.5521,1.314
v2_balanced_current,2026-04-29T07:58:12.459559+00:00,2026-04-29T09:57:52.457415+00:00,WIFUSDT,1h,Continuation,Balanced,High,Bullish,0.9006,1.1881,1.495,win,0.178549,0.179248,0.182,0.9224,6.3008,1.7985
v2_balanced_current,2026-04-22T03:12:54.160871+00:00,2026-04-22T03:43:24.919464+00:00,PHBUSDT,15m,Continuation,Balanced,High,Bullish,0.8287,-0.7776,-1.0,loss,0.113282,0.115477,0.1141,0.8004,2.4039,1.3589
v2_balanced_current,2026-04-11T04:59:10.916537+00:00,2026-04-11T08:59:16.633361+00:00,WLDUSDT,1h,Continuation,Balanced,High,Bullish,0.842,-0.5295,-0.2604,loss,0.274722,0.264795,0.2833,0.8514,0.3002,0.2194
v2_balanced_current,2026-04-13T19:56:25.061984+00:00,2026-04-14T19:58:38.393843+00:00,WLDUSDT,4h,Continuation,Trending,High,Bullish,0.7974,3.2308,0.5989,win,0.282353,0.263509,0.3002,0.7214,2.4237,1.3556
v2_balanced_current,2026-04-20T08:56:22.985913+00:00,2026-04-20T11:59:37.836299+00:00,GWEIUSDT,1h,Continuation,Trending,High,Bullish,0.8084,-4.1878,-1.0,loss,0.105241,0.09337,0.109363,0.7005,0.0,2.9569
v2_balanced_current,2026-04-21T18:58:32.481793+00:00,2026-04-21T20:55:52.767224+00:00,GWEIUSDT,1h,Continuation,Trending,High,Bullish,0.9115,-6.0164,-1.0,loss,0.106394,0.098331,0.12551,0.9051,1.9864,0.7934
v2_balanced_current,2026-04-21T05:13:06.256524+00:00,2026-04-21T06:44:42.358377+00:00,PIEVERSEUSDT,15m,Continuation,Trending,High,Bullish,0.8173,1.8468,0.646,win,0.993338,0.977757,1.0514,0.7532,0.0,0.5828
v2_balanced_current,2026-04-12T19:59:42.630988+00:00,2026-04-13T23:56:29.181229+00:00,PIPPINUSDT,4h,Continuation,Trending,High,Bearish,0.9084,3.5946,0.495,win,0.030417,0.032482,0.026665,1.0,-0.7946,0.0993
v2_balanced_current,2026-04-24T19:59:59.999000+00:00,2026-04-24T23:59:59.999000+00:00,PIPPINUSDT,4h,Continuation,Trending,High,Bullish,0.8839,3.121,0.545,win,0.02549,0.028103,0.02668,0.8903,6.5149,0.7524
v2_balanced_current,2026-04-14T13:56:58.409123+00:00,2026-04-14T14:58:08.947593+00:00,ASTERUSDT,1h,Continuation,Balanced,Medium,Bullish,0.9085,-1.2758,-1.0,loss,0.672989,0.66813,0.686902,1.0,-0.4395,-1.2716
v2_balanced_current,2026-04-22T19:59:59.999000+00:00,2026-04-23T03:59:59.999000+00:00,HEMIUSDT,4h,Continuation,Trending,High,Bullish,0.906,-4.1248,-1.0,loss,0.007529,0.00744,0.007964,0.8839,0.0,0.0
v2_balanced_current,2026-04-07T15:58:29.280560+00:00,2026-04-07T18:57:00.447602+00:00,XAGUSDT,15m,Continuation,Balanced,Low,Bullish,0.8239,0.7761,0.9053,win,71.722639,72.025191,71.397639,0.7216,-0.0924,0.327
v2_balanced_current,2026-04-14T15:59:13.419632+00:00,2026-04-15T07:56:32.291375+00:00,XAGUSDT,4h,Continuation,Balanced,Low,Bullish,0.8893,1.001,0.56,win,75.709613,74.186915,79.116647,0.9438,-0.6789,2.617
v2_balanced_current,2026-04-22T07:59:59.999000+00:00,2026-04-22T11:59:59.999000+00:00,AVNTUSDT,4h,Continuation,Trending,High,Bullish,0.8838,2.0032,0.495,win,0.136636,0.136395,0.148,0.8736,-0.451,-0.0496
v2_balanced_current,2026-04-24T07:59:59.999000+00:00,2026-04-24T23:59:59.999000+00:00,AVNTUSDT,4h,Continuation,Trending,High,Bullish,0.8215,-0.7879,-0.1338,loss,0.142058,0.138521,0.1523,0.7795,0.0,0.4914
v2_balanced_current,2026-04-24T15:59:59.999000+00:00,2026-04-25T03:59:59.999000+00:00,AXSUSDT,4h,Continuation,Balanced,Medium,Bullish,0.8663,3.6434,1.535,win,1.106059,1.107618,1.124,0.8968,0.0,0.0
v2_balanced_current,2026-04-26T19:28:36.871381+00:00,2026-04-26T21:11:38.323717+00:00,AXSUSDT,15m,Continuation,Balanced,Medium,Bullish,0.8336,2.1445,1.535,win,1.398326,1.439591,1.405,0.7264,0.0,1.1452
v2_balanced_current,2026-04-27T14:13:33.801284+00:00,2026-04-27T15:24:57.931765+00:00,AXSUSDT,15m,Continuation,Balanced,Medium,Bullish,0.8639,0.7818,0.585,win,1.385221,1.401896,1.411,0.9743,4.2207,0.8579
v2_balanced_current,2026-04-20T19:59:59.999000+00:00,2026-04-21T11:59:59.999000+00:00,XLMUSDT,4h,Continuation,Trending,High,Bullish,0.8863,4.3089,1.495,win,0.167505,0.161138,0.17341,0.8758,-0.6745,0.0075
v2_balanced_current,2026-04-26T11:55:37.716802+00:00,2026-04-26T15:57:38.304963+00:00,XLMUSDT,1h,Continuation,Ranging,High,Bullish,0.8589,-0.1508,-0.2118,loss,0.170825,0.172261,0.17131,0.947,0.1625,-3.4463
v2_balanced_current,2026-04-08T11:59:59.999000+00:00,2026-04-08T23:59:59.999000+00:00,HOLOUSDT,4h,Continuation,Trending,High,Bullish,0.8987,-3.1102,-1.0,loss,0.054251,0.053806,0.05707,0.9237,0.0,0.0
v2_balanced_current,2026-04-09T19:59:59.999000+00:00,2026-04-10T07:59:59.999000+00:00,HOLOUSDT,4h,Continuation,Trending,High,Bullish,0.8824,-3.7608,-1.0,loss,0.055481,0.054295,0.05923,0.9682,0.0,0.0
v2_balanced_current,2026-04-09T20:58:16.172320+00:00,2026-04-10T00:58:27.719675+00:00,XMRUSDT,1h,Continuation,Trending,Low,Bullish,0.8872,-1.7825,-0.8336,loss,335.384405,333.079229,350.813071,0.8332,1.702,0.2615
v2_balanced_current,2026-04-20T23:57:39.152752+00:00,2026-04-21T23:59:22.417442+00:00,XMRUSDT,24h,Continuation,Trending,Low,Bullish,0.8126,2.7178,0.56,win,335.156544,328.315816,353.55,0.7292,-0.6745,2.6739
v2_balanced_current,2026-04-20T22:10:47.105858+00:00,2026-04-20T22:56:33.184607+00:00,PORTALUSDT,15m,Continuation,Balanced,High,Bullish,0.8195,0.8688,0.495,win,0.013394,0.01258,0.01392,0.6664,-0.5353,0.4617
v2_balanced_current,2026-04-16T19:59:21.500080+00:00,2026-04-17T07:57:07.469023+00:00,XPLUSDT,4h,Continuation,Trending,High,Bullish,0.8616,-4.528,-1.0,loss,0.132806,0.126749,0.140834,0.9535,1.1831,0.7733
v2_balanced_current,2026-04-21T07:59:59.999000+00:00,2026-04-21T11:59:59.999000+00:00,HUMAUSDT,4h,Continuation,Trending,High,Bullish,0.8637,2.5326,0.495,win,0.019439,0.019238,0.020414,0.8616,0.0,0.0
v2_balanced_current,2026-04-26T00:14:59.999000+00:00,2026-04-26T00:29:59.999000+00:00,PRLUSDT,15m,Continuation,Balanced,High,Bullish,0.869,-1.354,-1.0,loss,0.210031,0.212245,0.2089,0.9003,4.4701,1.5104
v2_balanced_current,2026-04-27T19:59:59.999000+00:00,2026-04-27T20:59:59.999000+00:00,PRLUSDT,15m,Continuation,Trending,High,Bullish,0.8336,-6.09,-1.0,loss,0.304167,0.273014,0.3165,0.6574,-0.1692,0.7393
v2_balanced_current,2026-04-28T18:25:52.681002+00:00,2026-04-28T19:26:59.389444+00:00,PRLUSDT,15m,Continuation,Balanced,High,Bullish,0.8223,-0.9346,-0.4069,loss,0.352823,0.339286,0.3531,0.6839,0.0,1.6818
v2_balanced_current,2026-04-16T23:59:32.515981+00:00,2026-04-21T23:59:22.417442+00:00,XRPUSDT,24h,Continuation,Trending,High,Bullish,0.884,-1.3705,-0.2893,loss,1.355182,1.346164,1.452772,0.9289,0.18,0.0146
v2_balanced_current,2026-04-28T23:56:54.234221+00:00,2026-04-29T23:59:59.999000+00:00,HUSDT,4h,Continuation,Trending,High,Bullish,0.8816,-1.1305,-0.1496,loss,0.147595,0.127953,0.18134,0.8657,-0.4677,0.0195
v2_balanced_current,2026-04-25T21:59:59.999000+00:00,2026-04-25T23:29:59.999000+00:00,HYPERUSDT,15m,Continuation,Trending,High,Bullish,0.8794,-0.2717,-0.0483,loss,0.155992,0.134891,0.16193,0.7024,-0.0349,0.2826
v2_balanced_current,2026-04-08T07:57:26.669608+00:00,2026-04-08T13:59:38.044817+00:00,HYPEUSDT,1h,Continuation,Balanced,Low,Bullish,0.878,-0.1926,-0.1127,loss,37.610043,36.873433,39.289,0.901,1.4378,-0.8095
v2_balanced_current,2026-04-13T11:55:32.356032+00:00,2026-04-13T23:56:29.181229+00:00,HYPEUSDT,4h,Continuation,Trending,Low,Bullish,0.8094,4.4105,1.56,win,40.532891,38.499003,41.792,0.7051,-0.2462,0.924
v2_balanced_current,2026-04-13T23:56:29.181229+00:00,2026-04-14T15:59:13.419632+00:00,PUMPUSDT,4h,Continuation,Trending,High,Bullish,0.8661,-0.9499,-0.2259,loss,0.001813,0.001764,0.001922,0.9779,1.4674,2.4076
v2_balanced_current,2026-04-25T18:44:59.999000+00:00,2026-04-25T20:29:59.999000+00:00,YGGUSDT,15m,Continuation,Balanced,High,Bullish,0.8254,0.6531,0.5693,win,0.043604,0.044202,0.04371,0.6552,0.119,0.9016
v2_balanced_current,2026-04-25T23:14:59.999000+00:00,2026-04-26T00:14:59.999000+00:00,YGGUSDT,15m,Continuation,Balanced,High,Bullish,0.8466,-1.2277,-1.0,loss,0.043801,0.044111,0.04416,0.762,0.4976,1.1834
v2_balanced_current,2026-04-10T09:13:56.356313+00:00,2026-04-10T09:59:57.933556+00:00,BASEDUSDT,15m,Continuation,Balanced,High,Bullish,0.801,-0.9668,-1.0,loss,0.054727,0.055877,0.0553,0.6389,0.0409,1.0491
v2_balanced_current,2026-04-12T15:59:35.883861+00:00,2026-04-12T19:59:42.630988+00:00,BASEDUSDT,1h,Continuation,Trending,High,Bullish,0.9041,-1.1183,-0.259,loss,0.0561,0.055539,0.059839,0.7344,-0.0243,2.95
v2_balanced_current,2026-04-21T07:59:59.999000+00:00,2026-04-21T23:59:59.999000+00:00,IMXUSDT,4h,Continuation,Trending,High,Bullish,0.9017,-1.1442,-0.2987,loss,0.162482,0.155289,0.1748,0.9441,-0.6745,0.519
v2_balanced_current,2026-04-22T07:59:59.999000+00:00,2026-04-22T23:59:59.999000+00:00,IMXUSDT,4h,Continuation,Trending,High,Bullish,0.9019,-0.667,-0.1536,loss,0.166643,0.157512,0.1799,0.9417,-0.6745,0.519
v2_balanced_current,2026-04-17T16:59:48.418007+00:00,2026-04-17T21:59:42.774240+00:00,QTUMUSDT,1h,Continuation,Balanced,Medium,Bullish,0.8572,-0.3598,-0.2638,loss,0.950748,0.948055,0.962462,0.8528,3.5605,-0.0829
v2_balanced_current,2026-04-23T11:59:59.999000+00:00,2026-04-24T01:59:59.999000+00:00,ZBTUSDT,1h,Continuation,Trending,High,Bullish,0.8701,6.3354,1.495,win,0.103503,0.104986,0.10988,0.876,0.1002,0.5809
v2_balanced_current,2026-04-24T03:59:59.999000+00:00,2026-04-24T19:59:59.999000+00:00,ZBTUSDT,4h,Continuation,Trending,High,Bullish,0.9043,9.1211,1.495,win,0.109398,0.111904,0.12019,0.9445,0.4582,-2.0661
v2_balanced_current,2026-04-13T23:59:59.999000+00:00,2026-04-14T15:59:59.999000+00:00,INJUSDT,4h,Continuation,Trending,Medium,Bullish,0.8751,-1.7676,-0.6161,loss,2.976501,3.007112,3.055,0.9231,0.0,0.0
v2_balanced_current,2026-04-15T11:59:59.999000+00:00,2026-04-15T19:59:59.999000+00:00,INJUSDT,4h,Continuation,Balanced,Medium,Bullish,0.8534,3.9094,1.535,win,2.989401,3.006796,3.05,0.8343,0.0,0.0
v2_balanced_current,2026-04-16T03:59:59.999000+00:00,2026-04-16T15:59:59.999000+00:00,INJUSDT,4h,Continuation,Trending,Medium,Bullish,0.8601,1.9055,0.535,win,3.046607,3.023936,3.318,0.8923,0.0,0.0
v2_balanced_current,2026-04-25T15:59:26.047331+00:00,2026-04-26T07:59:59.999000+00:00,INJUSDT,4h,Continuation,Trending,Medium,Bullish,0.9103,4.857,1.56,win,3.36678,3.228653,3.603,0.9899,3.6373,-2.3534
v2_balanced_current,2026-04-26T15:26:41.439582+00:00,2026-04-26T16:28:31.162347+00:00,INJUSDT,15m,Continuation,Balanced,Low,Bullish,0.8498,-0.1451,-0.1667,loss,3.654781,3.610064,3.661313,0.6441,-0.7652,1.1771
v2_balanced_current,2026-04-25T08:56:44.653847+00:00,2026-04-25T09:57:49.020914+00:00,QUSDT,15m,Continuation,Balanced,High,Bullish,0.8131,-1.3417,-1.0,loss,0.010626,0.010633,0.010741,0.6659,0.4766,1.7191
v2_balanced_current,2026-04-22T23:58:03.463659+00:00,2026-04-26T23:59:37.848919+00:00,BCHUSDT,24h,Continuation,Trending,Low,Bullish,0.8503,-1.224,-0.2648,loss,442.946413,441.689493,460.293991,0.9304,-0.6863,-2.4146
v2_balanced_current,2026-04-08T11:59:59.999000+00:00,2026-04-10T03:59:59.999000+00:00,INXUSDT,4h,Continuation,Trending,High,Bullish,0.8366,2.4685,0.495,win,0.011823,0.01173,0.012503,0.7381,0.0,0.0
v2_balanced_current,2026-04-12T11:59:59.999000+00:00,2026-04-12T15:59:59.999000+00:00,INXUSDT,4h,Continuation,Trending,High,Bullish,0.8803,6.3336,1.545,win,0.01243,0.012054,0.0134,0.9675,0.0,0.0
v2_balanced_current,2026-04-08T11:59:59.999000+00:00,2026-04-09T07:59:59.999000+00:00,RAVEUSDT,4h,Continuation,Trending,High,Bullish,0.9014,11.384,1.495,win,0.259619,0.254519,0.29581,0.9368,0.0,0.0
v2_balanced_current,2026-04-22T09:57:37.141105+00:00,2026-04-22T10:29:59.999000+00:00,RAVEUSDT,15m,Continuation,Trending,Medium,Bullish,0.798,-2.7946,-1.0,loss,1.404709,1.453691,1.401522,0.6718,0.0,0.3529
v2_balanced_current,2026-04-24T08:14:16.909762+00:00,2026-04-24T09:25:27.760758+00:00,RAVEUSDT,15m,Continuation,Trending,High,Bullish,0.8149,-2.8591,-1.0,loss,1.018644,1.035858,1.03261,0.6776,0.0,1.564
v2_balanced_current,2026-04-29T17:59:59.999000+00:00,2026-04-30T01:59:59.999000+00:00,ZEREBROUSDT,1h,Continuation,Trending,High,Bullish,0.9036,11.4018,1.495,win,0.021611,0.018492,0.025515,0.9081,0.0,0.4385
v2_balanced_current,2026-04-21T03:59:59.999000+00:00,2026-04-21T19:59:59.999000+00:00,RAYSOLUSDT,4h,Continuation,Trending,High,Bullish,0.8659,-1.0436,-0.317,loss,0.653015,0.654787,0.6612,0.9251,0.0,0.0
v2_balanced_current,2026-04-22T07:59:59.999000+00:00,2026-04-22T23:59:59.999000+00:00,RAYSOLUSDT,4h,Continuation,Trending,High,Bullish,0.8977,-2.6543,-0.9034,loss,0.658316,0.656357,0.6819,0.9047,0.0,0.0
v2_balanced_current,2026-04-21T15:55:02.532234+00:00,2026-04-22T07:55:28.153997+00:00,BIOUSDT,4h,Continuation,Trending,High,Bullish,0.8409,-5.9554,-0.8119,loss,0.029236,0.029766,0.030826,0.8579,1.8332,0.1331
v2_balanced_current,2026-04-23T07:44:59.999000+00:00,2026-04-23T08:44:59.999000+00:00,REDUSDT,15m,Continuation,Trending,High,Bullish,0.8053,-2.0619,-0.5433,loss,0.131889,0.130666,0.1358,0.6271,0.1579,0.8877
v2_balanced_current,2026-04-28T15:59:59.999000+00:00,2026-04-28T19:59:59.999000+00:00,ZKPUSDT,4h,Continuation,Trending,High,Bullish,0.8694,9.4951,1.495,win,0.080764,0.0747,0.09366,0.9052,0.0,0.0
v2_balanced_current,2026-04-19T14:11:16.889975+00:00,2026-04-19T14:41:54.186198+00:00,BLURUSDT,15m,Continuation,Balanced,High,Bullish,0.8474,3.6474,1.495,win,0.030577,0.028579,0.0311,0.7366,-0.3065,1.5874
v2_balanced_current,2026-04-22T19:58:52.579286+00:00,2026-04-22T21:55:55.618045+00:00,BLURUSDT,1h,Continuation,Trending,High,Bullish,0.8824,-3.5539,-1.0,loss,0.032645,0.03115,0.035735,1.0,-0.1795,0.2769
v2_balanced_current,2026-04-22T07:59:59.999000+00:00,2026-04-22T23:59:59.999000+00:00,JTOUSDT,4h,Continuation,Trending,High,Bullish,0.8369,-3.6794,-0.7674,loss,0.331955,0.329894,0.3506,0.7764,-0.6745,-0.3895
v2_balanced_current,2026-04-20T14:42:34.541982+00:00,2026-04-20T16:29:32.714772+00:00,RIVERUSDT,15m,Continuation,Balanced,Low,Bullish,0.8021,3.2182,1.56,win,5.056032,5.508141,5.115187,0.7277,-0.6017,0.853
v2_balanced_current,2026-04-21T23:43:58.082840+00:00,2026-04-21T23:59:22.417442+00:00,RIVERUSDT,15m,Continuation,Balanced,Low,Bullish,0.7943,0.6253,0.61,win,5.666873,5.613196,5.673,0.6226,-0.6898,1.515
v2_balanced_current,2026-04-14T15:59:13.419632+00:00,2026-04-14T19:58:38.393843+00:00,BNBUSDT,4h,Continuation,Balanced,Low,Bullish,0.8822,-1.3346,-1.0,loss,605.816971,601.981864,624.03,0.903,-0.0985,0.834
v2_balanced_current,2026-04-16T05:10:33.955288+00:00,2026-04-16T06:57:43.392789+00:00,币安人生USDT,15m,Continuation,Trending,High,Bullish,0.7916,2.4834,0.7916,win,0.336454,0.330813,0.3387,0.6957,0.0,1.0203
v2_balanced_current,2026-04-28T09:11:16.333935+00:00,2026-04-28T11:13:47.345444+00:00,币安人生USDT,15m,Continuation,Balanced,High,Bullish,0.8724,-1.3048,-1.0,loss,0.36715,0.362939,0.36977,0.9149,6.4844,2.2124
v2_balanced_current,2026-04-25T07:40:22.765510+00:00,2026-04-25T07:55:37.778942+00:00,KATUSDT,15m,Continuation,Trending,High,Bullish,0.857,-3.5612,-1.0,loss,0.023822,0.021774,0.02443,0.7763,0.2524,0.7785
v2_balanced_current,2026-04-28T19:11:40.551423+00:00,2026-04-28T20:12:52.467473+00:00,KATUSDT,15m,Continuation,Balanced,High,Bullish,0.8094,-1.0217,-1.0,loss,0.011493,0.011485,0.01164,0.7653,2.7541,1.2054
v2_balanced_current,2026-04-12T11:59:28.422183+00:00,2026-04-13T03:59:42.780719+00:00,BRUSDT,4h,Continuation,Trending,High,Bullish,0.8972,-3.6649,-0.5555,loss,0.117198,0.12508,0.12306,1.0,0.2778,1.0182
v2_balanced_current,2026-04-12T15:59:35.883861+00:00,2026-04-21T15:59:59.999000+00:00,KITEUSDT,4h,Continuation,Trending,High,Bullish,0.8136,7.6236,1.495,win,0.132677,0.140334,0.13248,0.7244,-0.3168,0.2909
v2_balanced_current,2026-04-27T03:59:59.999000+00:00,2026-04-27T11:59:59.999000+00:00,KITEUSDT,4h,Continuation,Trending,High,Bullish,0.8774,-4.9689,-1.0,loss,0.146923,0.143888,0.15564,0.9038,-0.2103,-1.1968
v2_balanced_current,2026-04-22T20:59:57.541650+00:00,2026-04-23T01:59:59.999000+00:00,BSBUSDT,1h,Continuation,Trending,High,Bullish,0.8485,-0.2036,-0.0316,loss,0.316714,0.279269,0.357257,0.7921,-0.5227,0.2228
v2_balanced_current,2026-04-21T03:59:59.999000+00:00,2026-04-21T19:59:59.999000+00:00,SAFEUSDT,4h,Continuation,Trending,High,Bullish,0.9012,-0.8181,-0.208,loss,0.150326,0.150102,0.1589,0.9226,0.0,0.0
v2_balanced_current,2026-04-25T03:59:59.999000+00:00,2026-04-25T07:59:59.999000+00:00,SAFEUSDT,4h,Continuation,Trending,High,Bullish,0.8762,6.1992,1.52,win,0.152287,0.151546,0.1592,0.9445,0.0,0.0
v2_balanced_current,2026-04-22T15:59:59.999000+00:00,2026-04-22T23:59:59.999000+00:00,SAHARAUSDT,4h,Continuation,Trending,High,Bullish,0.9007,-3.2138,-1.0,loss,0.021562,0.021566,0.02247,0.9234,0.0,0.0
v2_balanced_current,2026-04-17T23:56:41.953640+00:00,2026-04-21T23:59:22.417442+00:00,BTCUSDT,24h,Continuation,Trending,Low,Bullish,0.8819,-1.0196,-0.2214,loss,72415.118865,71538.143467,77073.924703,0.9198,-0.6423,-2.9985
v2_balanced_current,2026-05-07T07:17:07.122725+00:00,2026-05-07T08:02:59.471738+00:00,BTCUSDT,4h,Continuation,Balanced,Low,Bullish,0.8606,0.0,0.0,open,77924.199026,76275.087328,81646.3,0.9673,-0.6393,0.43
v2_balanced_current,2026-04-18T11:57:34.579849+00:00,2026-04-19T15:59:59.999000+00:00,SANDUSDT,4h,Continuation,Trending,High,Bearish,0.8449,2.7512,0.6549,win,0.08309,0.082836,0.082378,0.852,1.0414,-0.3694
v2_balanced_current,2026-04-24T19:59:59.999000+00:00,2026-04-25T07:59:59.999000+00:00,SANDUSDT,4h,Continuation,Trending,High,Bullish,0.8557,4.4939,1.545,win,0.078179,0.080342,0.07938,0.9422,-0.6386,0.6522
v2_balanced_current,2026-04-14T03:59:59.999000+00:00,2026-04-14T15:59:13.419632+00:00,LDOUSDT,4h,Continuation,Trending,High,Bullish,0.9026,2.111,0.495,win,0.323031,0.31657,0.3565,0.9542,0.0,0.0
v2_balanced_current,2026-04-15T19:14:19.300113+00:00,2026-04-15T19:29:34.984909+00:00,LDOUSDT,15m,Continuation,Balanced,High,Bullish,0.8974,0.4451,0.495,win,0.370696,0.362077,0.378533,0.9919,3.1423,1.2339
v2_balanced_current,2026-04-16T15:59:59.999000+00:00,2026-04-16T19:59:59.999000+00:00,LDOUSDT,4h,Continuation,Trending,High,Bullish,0.8897,2.7769,0.545,win,0.356287,0.330937,0.4195,0.8784,0.4634,-0.8722
v2_balanced_current,2026-04-23T06:40:49.819716+00:00,2026-04-23T09:11:03.307815+00:00,SEIUSDT,15m,Continuation,Ranging,High,Bullish,0.8433,0.3822,0.6856,win,0.061031,0.060717,0.06117,0.7088,-0.6745,0.7941
v2_balanced_current,2026-04-26T14:24:52.879520+00:00,2026-04-26T14:55:47.294101+00:00,SEIUSDT,15m,Continuation,Balanced,High,Bullish,0.8271,1.3656,1.52,win,0.061483,0.061109,0.06212,0.6502,-0.3138,0.9845
v2_balanced_current,2026-04-22T19:59:59.999000+00:00,2026-04-22T23:59:59.999000+00:00,BUSDT,4h,Continuation,Trending,High,Bullish,0.8794,3.2843,0.495,win,0.098202,0.094477,0.1069,0.8923,0.0,0.0
v2_balanced_current,2026-04-23T23:59:59.999000+00:00,2026-04-24T03:59:59.999000+00:00,SENTUSDT,1h,Continuation,Trending,High,Bullish,0.8317,-4.7931,-1.0,loss,0.018765,0.018,0.02061,0.7838,-0.9274,-0.3047
v2_balanced_current,2026-04-23T23:58:48.522185+00:00,2026-04-30T08:59:22.262295+00:00,BZUSDT,24h,Continuation,Trending,Low,Bullish,0.8171,10.1426,1.56,win,94.271026,95.223626,98.547226,0.8037,-0.0113,1.5031
v2_balanced_current,2026-04-24T19:59:59.999000+00:00,2026-04-25T03:59:59.999000+00:00,LINEAUSDT,4h,Continuation,Trending,High,Bullish,0.8648,1.5305,0.495,win,0.003367,0.003353,0.003434,0.8758,0.0,0.0
v2_balanced_current,2026-04-16T17:56:47.130198+00:00,2026-04-16T18:57:58.157611+00:00,LINKUSDT,1h,Continuation,Balanced,Low,Bullish,0.8742,0.7783,0.56,win,9.260686,9.125132,9.403,0.9195,-0.7575,0.2537
v2_balanced_current,2026-04-16T23:59:32.515981+00:00,2026-04-21T23:59:22.417442+00:00,LINKUSDT,24h,Continuation,Trending,Medium,Bullish,0.904,-2.0835,-0.3117,loss,8.977838,8.894552,9.594814,0.9745,4.6817,-4.2388
v2_balanced_current,2026-04-22T00:14:59.999000+00:00,2026-04-22T00:29:59.999000+00:00,CHIPUSDT,15m,Continuation,Trending,High,Bullish,0.8964,-6.7045,-1.0,loss,0.059656,0.050047,0.0629,0.8169,0.3988,0.5911
v2_balanced_current,2026-04-24T03:59:59.999000+00:00,2026-04-25T07:59:59.999000+00:00,SLPUSDT,4h,Continuation,Trending,High,Bullish,0.8343,4.2588,1.495,win,0.000659,0.000654,0.000678,0.7096,0.0,0.0
v2_balanced_current,2026-04-19T19:59:59.999000+00:00,2026-04-19T23:59:59.999000+00:00,CHZUSDT,4h,Continuation,Trending,High,Bullish,0.8501,-3.4402,-1.0,loss,0.041112,0.041316,0.04149,0.8951,-0.7355,0.0596
v2_balanced_current,2026-04-20T15:59:59.999000+00:00,2026-04-20T19:59:59.999000+00:00,CHZUSDT,4h,Continuation,Trending,High,Bullish,0.8493,2.5073,0.495,win,0.041741,0.041501,0.04445,0.9044,-0.7355,0.0596
v2_balanced_current,2026-04-23T23:59:59.999000+00:00,2026-04-24T07:59:59.999000+00:00,CHZUSDT,4h,Continuation,Trending,High,Bullish,0.887,-5.4595,-1.0,loss,0.045909,0.043406,0.05024,0.9245,1.3129,0.7902
v2_balanced_current,2026-04-24T12:25:15.778944+00:00,2026-04-24T13:26:19.603359+00:00,CHZUSDT,15m,Continuation,Ranging,High,Bullish,0.7851,-0.2905,-0.4752,loss,0.047907,0.047521,0.04819,0.6352,0.5073,0.5621
v2_balanced_current,2026-04-26T15:57:38.304963+00:00,2026-04-27T03:57:34.172163+00:00,CHZUSDT,4h,Continuation,Trending,High,Bullish,0.8845,-3.7519,-1.0,loss,0.048089,0.044959,0.051346,0.7716,1.4942,1.0808
v2_balanced_current,2026-04-21T23:14:59.999000+00:00,2026-04-21T23:29:59.999000+00:00,CLOUSDT,15m,Continuation,Balanced,High,Bullish,0.7944,0.9057,0.495,win,0.131552,0.133875,0.13228,0.6504,0.6433,2.0621
v2_balanced_current,2026-04-07T10:57:42.648157+00:00,2026-04-07T12:29:26.176919+00:00,CLUSDT,15m,Continuation,Balanced,Low,Bullish,0.7828,0.8342,0.8677,win,113.699795,114.341798,113.98,0.6316,-0.7876,0.4298
v2_balanced_current,2026-04-28T11:57:51.316590+00:00,2026-04-28T12:59:00.338150+00:00,CLUSDT,1h,Continuation,Balanced,Low,Bullish,0.9069,-0.9298,-1.0,loss,97.518157,95.749218,101.17,0.8264,6.1656,0.0423
v2_balanced_current,2026-04-28T23:56:54.234221+00:00,2026-05-06T15:44:35.278112+00:00,CLUSDT,24h,Continuation,Trending,Low,Bullish,0.8351,0.3654,0.06,loss,93.932577,94.864742,99.26,0.7782,-0.302,-1.2049
v2_balanced_current,2026-04-23T23:59:59.999000+00:00,2026-04-24T03:59:59.999000+00:00,LUNA2USDT,4h,Continuation,Trending,High,Bullish,0.9011,1.4513,0.495,win,0.058264,0.057863,0.06216,0.9448,0.0,0.0
v2_balanced_current,2026-04-21T23:59:22.417442+00:00,2026-04-22T05:58:31.963211+00:00,SOLUSDT,1h,Continuation,Balanced,Low,Bullish,0.8266,1.7736,1.56,win,85.46565,85.647848,85.984383,0.8101,2.5726,-0.4398
v2_balanced_current,2026-04-12T07:59:12.509024+00:00,2026-04-12T08:55:28.655817+00:00,SOLVUSDT,1h,Continuation,Trending,High,Bullish,0.8978,1.3432,0.495,win,0.00424,0.004283,0.004467,0.9311,0.9723,2.5697
v2_balanced_current,2026-04-24T10:26:30.037576+00:00,2026-04-24T10:57:02.690677+00:00,MAGMAUSDT,15m,Continuation,Balanced,High,Bullish,0.8675,0.9548,0.495,win,0.212766,0.201597,0.2214,0.6327,0.0,1.2599
v2_balanced_current,2026-04-15T11:55:50.955164+00:00,2026-04-15T14:59:16.573539+00:00,CRCLUSDT,1h,Continuation,Balanced,Low,Bullish,0.816,-1.7759,-1.0,loss,104.126552,97.320082,107.15,0.7112,-0.9022,1.3677
v2_balanced_current,2026-04-24T11:59:59.999000+00:00,2026-04-25T11:59:59.999000+00:00,SONICUSDT,4h,Continuation,Balanced,High,Bullish,0.8181,3.5784,1.495,win,0.035905,0.036017,0.0359,0.7011,0.0,0.0
v2_balanced_current,2026-04-25T12:59:59.999000+00:00,2026-04-25T13:59:59.999000+00:00,SONICUSDT,15m,Continuation,Balanced,High,Bullish,0.8983,2.6463,1.495,win,0.037242,0.037044,0.03771,0.9046,6.5364,0.2081
v2_balanced_current,2026-04-25T11:59:59.999000+00:00,2026-04-25T15:59:59.999000+00:00,CROSSUSDT,4h,Continuation,Trending,High,Bullish,0.8755,3.0618,0.495,win,0.103395,0.093175,0.12406,0.933,3.4823,0.0814
v2_balanced_current,2026-04-25T20:44:59.999000+00:00,2026-04-25T21:44:59.999000+00:00,CROSSUSDT,15m,Continuation,Balanced,High,Bullish,0.8663,-1.0809,-0.4776,loss,0.126005,0.12433,0.12675,0.65,-0.7153,1.0422
v2_balanced_current,2026-04-22T07:59:59.999000+00:00,2026-04-22T23:59:59.999000+00:00,MASKUSDT,4h,Continuation,Trending,High,Bullish,0.8333,-1.0267,-0.297,loss,0.467958,0.451138,0.487,0.795,-0.4724,1.4208
v2_balanced_current,2026-04-23T08:22:28.319461+00:00,2026-04-26T23:59:37.848919+00:00,MASKUSDT,24h,Continuation,Trending,High,Bullish,0.8949,10.2893,1.495,win,0.443325,0.43437,0.501183,1.0,-1.1875,-0.5934
v2_balanced_current,2026-04-20T11:44:22.819123+00:00,2026-04-20T12:40:19.909975+00:00,SOONUSDT,15m,Continuation,Balanced,High,Bullish,0.8094,0.5683,0.7054,win,0.17819,0.175859,0.179024,0.7328,-0.1024,0.3524
v2_balanced_current,2026-04-22T18:57:48.173231+00:00,2026-04-22T19:43:35.879681+00:00,SOONUSDT,15m,Continuation,Ranging,High,Bullish,0.8413,-0.6199,-1.0,loss,0.174238,0.170905,0.1763,0.6346,-1.6321,0.4475
v2_balanced_current,2026-04-26T11:55:37.716802+00:00,2026-04-26T12:57:19.429954+00:00,SOONUSDT,15m,Continuation,Balanced,High,Bullish,0.8525,-1.0269,-0.5394,loss,0.188838,0.192987,0.190426,0.7433,-0.8327,1.02
v2_balanced_current,2026-04-13T16:59:59.999000+00:00,2026-04-13T23:59:59.999000+00:00,CRVUSDT,1h,Continuation,Balanced,High,Bullish,0.873,2.9328,1.495,win,0.210976,0.213793,0.213,0.9227,-0.3302,-0.2841
v2_balanced_current,2026-04-14T06:59:21.800171+00:00,2026-04-14T08:10:38.025404+00:00,CRVUSDT,15m,Continuation,Ranging,High,Bullish,0.8603,-0.2536,-0.4247,loss,0.217163,0.214602,0.218,0.9487,2.4807,0.7852
v2_balanced_current,2026-04-14T21:40:31.955327+00:00,2026-04-15T00:13:14.097617+00:00,CRVUSDT,15m,Continuation,Ranging,High,Bullish,0.827,1.0099,1.495,win,0.214552,0.215556,0.214348,0.7724,1.9973,1.09
v2_balanced_current,2026-04-28T13:29:32.842533+00:00,2026-04-28T14:41:01.321135+00:00,CRVUSDT,15m,Continuation,Balanced,High,Bullish,0.8408,-0.4405,-0.4444,loss,0.226682,0.227603,0.227,0.6333,0.6047,1.6528
v2_balanced_current,2026-04-26T11:59:59.999000+00:00,2026-04-26T15:59:59.999000+00:00,SPACEUSDT,4h,Continuation,Trending,High,Bullish,0.8821,-6.3997,-1.0,loss,0.006385,0.006038,0.00704,0.9639,2.1345,-0.1437
v2_balanced_current,2026-04-26T20:59:59.999000+00:00,2026-04-26T23:59:59.999000+00:00,SPACEUSDT,1h,Continuation,Trending,High,Bullish,0.8844,-5.3208,-1.0,loss,0.006895,0.006651,0.007519,0.9204,-0.4335,-1.7348
v2_balanced_current,2026-04-08T21:13:18.119360+00:00,2026-04-08T22:14:24.950680+00:00,CTSIUSDT,15m,Continuation,Ranging,High,Bullish,0.7876,-0.5493,-1.0,loss,0.032229,0.032468,0.03225,0.6942,0.6435,0.8784
v2_balanced_current,2026-04-22T17:59:59.999000+00:00,2026-04-22T21:59:59.999000+00:00,SPKUSDT,1h,Continuation,Trending,High,Bullish,0.8879,11.804,1.495,win,0.031011,0.028164,0.03672,0.8669,-1.6425,-0.3587
v3_1_candidate,2026-04-25T12:59:59.999000+00:00,2026-04-25T13:59:59.999000+00:00,SONICUSDT,15m,Continuation,Balanced,High,Bullish,0.8983,2.6463,1.495,win,0.037242,0.037044,0.03771,0.9046,6.5364,0.2081
v3_1_candidate,2026-04-23T08:22:28.319461+00:00,2026-04-26T23:59:37.848919+00:00,MASKUSDT,24h,Continuation,Trending,High,Bullish,0.8949,10.2893,1.495,win,0.443325,0.43437,0.501183,1.0,2.7353,9.2681
v3_1_candidate,2026-04-23T10:42:36.268692+00:00,2026-04-23T11:43:41.255169+00:00,SOONUSDT,15m,Continuation,Balanced,High,Bullish,0.883,0.5512,0.495,win,0.182134,0.177566,0.1841,1.0,3.2194,1.3342
v3_1_candidate,2026-04-14T06:59:21.800171+00:00,2026-04-14T08:10:38.025404+00:00,CRVUSDT,15m,Continuation,Ranging,High,Bullish,0.8603,-0.2536,-0.4247,loss,0.217163,0.214602,0.218,0.9487,2.4807,0.7852
v3_1_candidate,2026-04-16T15:43:45.961126+00:00,2026-04-16T16:55:22.256810+00:00,HBARUSDT,15m,Continuation,Ranging,High,Bullish,0.8746,-0.2945,-0.4101,loss,0.087883,0.087295,0.08829,0.9376,2.6964,1.7935
v3_1_candidate,2026-04-22T13:59:59.999000+00:00,2026-04-22T14:44:59.999000+00:00,SPKUSDT,15m,Continuation,Trending,High,Bullish,0.8759,2.4443,0.495,win,0.031497,0.030244,0.03335,0.9241,8.0227,2.4216
v3_1_candidate,2026-04-16T23:59:32.515981+00:00,2026-04-19T23:56:56.396337+00:00,DOGEUSDT,24h,Continuation,Trending,High,Bullish,0.9075,-5.5915,-1.0,loss,0.093084,0.092588,0.099212,1.0,-0.3788,0.004
v3_1_candidate,2026-04-29T00:27:29.677948+00:00,2026-04-29T01:28:34.589042+00:00,DOGEUSDT,15m,Continuation,Ranging,High,Bullish,0.8365,-0.0602,-0.1682,loss,0.099409,0.099178,0.09963,0.7977,1.7886,0.7166
v3_1_candidate,2026-04-17T12:55:51.485455+00:00,2026-04-17T13:56:51.429092+00:00,DOTUSDT,15m,Continuation,Ranging,Medium,Bullish,0.8653,1.1115,1.535,win,1.31221,1.297784,1.32,0.9869,1622379123729988.8,1.6048
v3_1_candidate,2026-04-22T03:58:41.377898+00:00,2026-04-22T05:10:09.546716+00:00,EDGEUSDT,15m,Continuation,Balanced,Medium,Bullish,0.8649,1.9715,1.535,win,1.36623,1.358376,1.39385,0.9245,11891210000000.893,2.0997
v3_1_candidate,2026-05-06T15:44:35.278112+00:00,2026-05-07T08:09:46.280679+00:00,1000BONKUSDT,24h,Continuation,Trending,High,Bullish,0.9104,2.5477,0.3371,open,0.006147,0.005932,0.006712,0.9889,0.1882,1.567
v3_1_candidate,2026-04-16T23:59:32.515981+00:00,2026-04-19T23:56:56.396337+00:00,1000SHIBUSDT,24h,Continuation,Trending,High,Bullish,0.9082,-5.6181,-1.0,loss,0.005946,0.005937,0.006266,1.0,-0.6745,-0.1889
v3_1_candidate,2026-04-18T05:56:01.813294+00:00,2026-04-18T06:41:49.955965+00:00,ENAUSDT,15m,Continuation,Ranging,High,Bullish,0.8413,0.3417,0.495,win,0.124507,0.120938,0.124808,0.8765,2.1673,1.58
v3_1_candidate,2026-04-25T01:44:08.544453+00:00,2026-04-25T05:12:49.116208+00:00,ENAUSDT,15m,Continuation,Ranging,High,Bullish,0.8525,0.4378,0.8458,win,0.108476,0.108221,0.10909,0.8711,8.0792,1.0647
v3_1_candidate,2026-04-26T16:28:31.162347+00:00,2026-04-26T18:57:49.482887+00:00,IPUSDT,15m,Continuation,Ranging,Medium,Bullish,0.8617,0.8299,1.535,win,0.532535,0.525924,0.537073,0.8855,46857126949999.48,1.001
v3_1_candidate,2026-04-28T19:11:40.551423+00:00,2026-04-28T20:12:52.467473+00:00,KATUSDT,15m,Continuation,Balanced,High,Bullish,0.8094,-1.0217,-1.0,loss,0.011493,0.011485,0.01164,0.7653,2.7541,1.2054
v3_1_candidate,2026-04-25T14:27:45.587486+00:00,2026-04-25T15:28:51.699736+00:00,ALGOUSDT,15m,Continuation,Balanced,High,Bullish,0.8631,-0.2582,-0.2917,loss,0.114845,0.111984,0.1162,0.8553,1.0441,2.4609
v3_1_candidate,2026-04-18T23:14:13.311824+00:00,2026-04-19T00:25:36.149222+00:00,APEUSDT,15m,Continuation,Balanced,High,Bullish,0.8531,-0.5539,-0.391,loss,0.105626,0.105153,0.1068,0.8642,1.2474,2.4076
v3_1_candidate,2026-04-16T23:59:32.515981+00:00,2026-04-21T23:59:22.417442+00:00,LINKUSDT,24h,Continuation,Trending,Medium,Bullish,0.904,-2.0835,-0.3117,loss,8.977838,8.894552,9.594814,0.9745,-1.0316,-0.9267
v3_1_candidate,2026-04-27T04:58:39.847155+00:00,2026-04-27T05:29:12.826355+00:00,GENIUSUSDT,15m,Continuation,Ranging,Medium,Bullish,0.802,-0.6345,-1.0,loss,0.588739,0.584315,0.5944,0.7552,1.4072,0.4295
v3_1_candidate,2026-04-28T23:26:20.649056+00:00,2026-04-28T23:41:39.904205+00:00,OPENUSDT,15m,Continuation,Balanced,High,Bullish,0.8383,0.4947,0.495,win,0.259004,0.257954,0.2616,0.8241,1.2571,2.1049
v3_1_candidate,2026-04-28T08:55:56.588794+00:00,2026-04-28T09:57:09.555167+00:00,ORCAUSDT,15m,Continuation,Balanced,Medium,Bullish,0.877,-0.1935,-0.0755,loss,1.502628,1.461874,1.55,0.9053,1.3733,0.5547
v3_1_candidate,2026-04-16T07:58:55.102134+00:00,2026-04-16T08:14:13.994498+00:00,WLDUSDT,15m,Continuation,Ranging,High,Bullish,0.895,-0.7118,-1.0,loss,0.308261,0.304539,0.310626,0.8916,3.6829,3.4109
v3_1_candidate,2026-04-16T23:59:32.515981+00:00,2026-04-21T23:59:22.417442+00:00,XRPUSDT,24h,Continuation,Trending,High,Bullish,0.884,-1.3705,-0.2893,loss,1.355182,1.346164,1.452772,0.9289,5.3333,1.9789
v3_1_candidate,2026-04-28T09:11:16.333935+00:00,2026-04-28T11:13:47.345444+00:00,币安人生USDT,15m,Continuation,Balanced,High,Bullish,0.8724,-1.3048,-1.0,loss,0.36715,0.362939,0.36977,0.9149,6.4844,2.2124
